CREATE DATABASE  IF NOT EXISTS `reservation` /*!40100 DEFAULT CHARACTER SET utf8 */ /*!80016 DEFAULT ENCRYPTION='N' */;
USE `reservation`;
-- MySQL dump 10.13  Distrib 8.0.27, for Win64 (x86_64)
--
-- Host: localhost    Database: reservation
-- ------------------------------------------------------
-- Server version	8.0.27

/*!40101 SET @OLD_CHARACTER_SET_CLIENT=@@CHARACTER_SET_CLIENT */;
/*!40101 SET @OLD_CHARACTER_SET_RESULTS=@@CHARACTER_SET_RESULTS */;
/*!40101 SET @OLD_COLLATION_CONNECTION=@@COLLATION_CONNECTION */;
/*!50503 SET NAMES utf8 */;
/*!40103 SET @OLD_TIME_ZONE=@@TIME_ZONE */;
/*!40103 SET TIME_ZONE='+00:00' */;
/*!40014 SET @OLD_UNIQUE_CHECKS=@@UNIQUE_CHECKS, UNIQUE_CHECKS=0 */;
/*!40014 SET @OLD_FOREIGN_KEY_CHECKS=@@FOREIGN_KEY_CHECKS, FOREIGN_KEY_CHECKS=0 */;
/*!40101 SET @OLD_SQL_MODE=@@SQL_MODE, SQL_MODE='NO_AUTO_VALUE_ON_ZERO' */;
/*!40111 SET @OLD_SQL_NOTES=@@SQL_NOTES, SQL_NOTES=0 */;

--
-- Table structure for table `movie`
--

DROP TABLE IF EXISTS `movie`;
/*!40101 SET @saved_cs_client     = @@character_set_client */;
/*!50503 SET character_set_client = utf8mb4 */;
CREATE TABLE `movie` (
  `Title` varchar(45) NOT NULL,
  `run_time` time NOT NULL,
  `rating` decimal(10,1) DEFAULT NULL,
  PRIMARY KEY (`Title`)
) ENGINE=InnoDB DEFAULT CHARSET=utf8mb3;
/*!40101 SET character_set_client = @saved_cs_client */;

--
-- Dumping data for table `movie`
--

LOCK TABLES `movie` WRITE;
/*!40000 ALTER TABLE `movie` DISABLE KEYS */;
INSERT INTO `movie` VALUES ('Bell Bottom','01:25:00',6.2),('Bhuj','01:13:00',4.8),('Chehre','01:39:00',6.5),('Conjuring','01:12:00',6.3),('Coolie','01:35:00',4.2),('Fast and Furious 9','01:43:00',8.4),('Haseen Dilruba','01:36:00',6.9),('Hello Charlie','01:02:00',5.5),('Hungama 2','01:56:00',3.1),('Indoo ki Jawani','01:15:00',3.0),('Jagame','01:58:00',6.0),('Ludo','01:50:00',7.6),('Mimi','01:32:00',8.0),('Mumbai Saga','01:28:00',6.0),('Radhe','01:18:00',1.8),('Reminiscene','01:16:00',5.9),('Roohi','01:20:00',4.3),('Saina','01:35:00',4.3),('Sherni','01:36:00',6.8),('Shershah','01:35:00',8.7),('Shiddat','01:56:00',8.0),('Soorarai','01:53:00',9.1),('Thalaivi','01:30:00',6.1),('Tomorrow War','01:40:00',6.6);
/*!40000 ALTER TABLE `movie` ENABLE KEYS */;
UNLOCK TABLES;

--
-- Table structure for table `reservation`
--

DROP TABLE IF EXISTS `reservation`;
/*!40101 SET @saved_cs_client     = @@character_set_client */;
/*!50503 SET character_set_client = utf8mb4 */;
CREATE TABLE `reservation` (
  `idReservataion` varchar(40) NOT NULL,
  `num_tickets` int NOT NULL,
  `reservataion_time` time DEFAULT NULL,
  `fee_payment` int NOT NULL,
  `idShowing` varchar(40) NOT NULL,
  `Showing_Theatre_screen_id` int NOT NULL,
  `theatre_id` varchar(5) NOT NULL,
  `Showing_Movie_Title` varchar(45) NOT NULL,
  `user_id` varchar(40) NOT NULL,
  `seat_no` varchar(100) DEFAULT NULL,
  PRIMARY KEY (`idReservataion`,`idShowing`,`Showing_Theatre_screen_id`,`theatre_id`,`Showing_Movie_Title`,`user_id`),
  KEY `fk_Reservataion_User_Account1_idx` (`user_id`),
  KEY `fk_Reservataion_Showing1_idx` (`idShowing`,`Showing_Theatre_screen_id`,`theatre_id`,`Showing_Movie_Title`),
  CONSTRAINT `fk_Reservataion_Showing1` FOREIGN KEY (`idShowing`, `Showing_Theatre_screen_id`, `theatre_id`, `Showing_Movie_Title`) REFERENCES `showing` (`idShowing`, `Theatre_screen_id`, `theatre_id`, `Movie_Title`),
  CONSTRAINT `user_id` FOREIGN KEY (`user_id`) REFERENCES `user_account` (`user_id`)
) ENGINE=InnoDB DEFAULT CHARSET=utf8mb3;
/*!40101 SET character_set_client = @saved_cs_client */;

--
-- Dumping data for table `reservation`
--

LOCK TABLES `reservation` WRITE;
/*!40000 ALTER TABLE `reservation` DISABLE KEYS */;
INSERT INTO `reservation` VALUES ('215522937668',2,'00:01:20',1,'Mimi0002221112313',2,'0002','Mimi','100771369710483630076','D4 D6 '),('315836338412',2,'00:01:20',1,'BellBottom0005121112020',1,'0005','Bell Bottom','100771369710483630076','E5 E6 '),('316079840865',2,'00:01:20',1,'Mimi0003221112013',2,'0003','Mimi','100771369710483630076','E5 E7 '),('936372057269',2,'00:01:20',1,'Mimi0001121110513',1,'0001','Mimi','100771369710483630076','J4 J5 '),('936654411078',2,'00:01:20',1,'Mimi0001121110513',1,'0001','Mimi','100771369710483630076','F5 F6 '),('937249471724',1,'00:01:20',1,'Mimi0001121110513',1,'0001','Mimi','100771369710483630076','K6 '),('937361984429',1,'00:01:20',1,'Mimi0001121110513',1,'0001','Mimi','100771369710483630076','J6 '),('937462066987',1,'00:01:20',1,'Mimi0001121110513',1,'0001','Mimi','100771369710483630076','C6 '),('937555381524',1,'00:01:20',1,'Mimi0001121110513',1,'0001','Mimi','100771369710483630076','E10 '),('937803652181',1,'00:01:20',1,'Mimi0001121110513',1,'0001','Mimi','100771369710483630076','A10 '),('937843474097',1,'00:01:20',1,'Mimi0001121110513',1,'0001','Mimi','100771369710483630076','H7 '),('938890179638',2,'00:01:20',1,'Mimi0001121110513',1,'0001','Mimi','100771369710483630076','F7 F8 '),('939043518593',3,'00:01:20',1,'Mimi0001121110513',1,'0001','Mimi','100771369710483630076','A5 A6 A7 ');
/*!40000 ALTER TABLE `reservation` ENABLE KEYS */;
UNLOCK TABLES;

--
-- Table structure for table `seats`
--

DROP TABLE IF EXISTS `seats`;
/*!40101 SET @saved_cs_client     = @@character_set_client */;
/*!50503 SET character_set_client = utf8mb4 */;
CREATE TABLE `seats` (
  `seat` varchar(10) NOT NULL,
  `idshowing` varchar(40) NOT NULL,
  PRIMARY KEY (`seat`,`idshowing`),
  KEY `showing_idshowing_idx` (`idshowing`),
  CONSTRAINT `showing_idshowing` FOREIGN KEY (`idshowing`) REFERENCES `showing` (`idShowing`)
) ENGINE=InnoDB DEFAULT CHARSET=utf8mb3;
/*!40101 SET character_set_client = @saved_cs_client */;

--
-- Dumping data for table `seats`
--

LOCK TABLES `seats` WRITE;
/*!40000 ALTER TABLE `seats` DISABLE KEYS */;
INSERT INTO `seats` VALUES ('E5','BellBottom0005121112020'),('E6','BellBottom0005121112020'),('A1','Mimi0001121110513'),('A10','Mimi0001121110513'),('A2','Mimi0001121110513'),('A5','Mimi0001121110513'),('A6','Mimi0001121110513'),('A7','Mimi0001121110513'),('C6','Mimi0001121110513'),('D6','Mimi0001121110513'),('E10','Mimi0001121110513'),('F5','Mimi0001121110513'),('F6','Mimi0001121110513'),('F7','Mimi0001121110513'),('F8','Mimi0001121110513'),('H7','Mimi0001121110513'),('J4','Mimi0001121110513'),('J5','Mimi0001121110513'),('J6','Mimi0001121110513'),('K6','Mimi0001121110513'),('D4','Mimi0002221112313'),('D6','Mimi0002221112313'),('G5','Mimi0002221112313'),('G7','Mimi0002221112313'),('E5','Mimi0003221112013'),('E7','Mimi0003221112013');
/*!40000 ALTER TABLE `seats` ENABLE KEYS */;
UNLOCK TABLES;

--
-- Table structure for table `showing`
--

DROP TABLE IF EXISTS `showing`;
/*!40101 SET @saved_cs_client     = @@character_set_client */;
/*!50503 SET character_set_client = utf8mb4 */;
CREATE TABLE `showing` (
  `idShowing` varchar(40) NOT NULL,
  `start_time` time NOT NULL,
  `num_seats` int NOT NULL,
  `date_played` date NOT NULL,
  `Theatre_screen_id` int NOT NULL,
  `theatre_id` varchar(5) NOT NULL,
  `Movie_Title` varchar(45) NOT NULL,
  PRIMARY KEY (`idShowing`,`Theatre_screen_id`,`theatre_id`,`Movie_Title`),
  KEY `fk_Showing_Theatre1_idx` (`Theatre_screen_id`,`theatre_id`),
  KEY `fk_Showing_Movie1_idx` (`Movie_Title`),
  CONSTRAINT `fk_Showing_Movie1` FOREIGN KEY (`Movie_Title`) REFERENCES `movie` (`Title`),
  CONSTRAINT `fk_Showing_Theatre1` FOREIGN KEY (`Theatre_screen_id`, `theatre_id`) REFERENCES `theatre` (`screen_id`, `theatre_id`)
) ENGINE=InnoDB DEFAULT CHARSET=utf8mb3;
/*!40101 SET character_set_client = @saved_cs_client */;

--
-- Dumping data for table `showing`
--

LOCK TABLES `showing` WRITE;
/*!40000 ALTER TABLE `showing` DISABLE KEYS */;
INSERT INTO `showing` VALUES ('BellBottom0001221112013','11:00:00',120,'2021-11-20',2,'0001','Bell Bottom'),('BellBottom0001221112019','19:00:00',120,'2021-11-20',2,'0001','Bell Bottom'),('BellBottom0001221112113','11:00:00',120,'2021-11-21',2,'0001','Bell Bottom'),('BellBottom0001221112119','19:00:00',120,'2021-11-21',2,'0001','Bell Bottom'),('BellBottom0001221112213','11:00:00',120,'2021-11-22',2,'0001','Bell Bottom'),('BellBottom0001221112219','19:00:00',120,'2021-11-22',2,'0001','Bell Bottom'),('BellBottom0001221112313','11:00:00',120,'2021-11-23',2,'0001','Bell Bottom'),('BellBottom0001221112319','19:00:00',120,'2021-11-23',2,'0001','Bell Bottom'),('BellBottom0001221112413','11:00:00',120,'2021-11-24',2,'0001','Bell Bottom'),('BellBottom0001221112419','19:00:00',120,'2021-11-24',2,'0001','Bell Bottom'),('BellBottom0001221112513','11:00:00',120,'2021-11-25',2,'0001','Bell Bottom'),('BellBottom0001221112519','19:00:00',120,'2021-11-25',2,'0001','Bell Bottom'),('BellBottom0001221112613','11:00:00',120,'2021-11-26',2,'0001','Bell Bottom'),('BellBottom0001221112619','19:00:00',120,'2021-11-26',2,'0001','Bell Bottom'),('BellBottom0002121112011','11:00:00',120,'2021-11-20',1,'0002','Bell Bottom'),('BellBottom0002121112111','11:00:00',120,'2021-11-21',1,'0002','Bell Bottom'),('BellBottom0002121112211','11:00:00',120,'2021-11-22',1,'0002','Bell Bottom'),('BellBottom0002121112311','11:00:00',120,'2021-11-23',1,'0002','Bell Bottom'),('BellBottom0002121112411','11:00:00',120,'2021-11-24',1,'0002','Bell Bottom'),('BellBottom0002121112511','11:00:00',120,'2021-11-25',1,'0002','Bell Bottom'),('BellBottom0002121112611','11:00:00',120,'2021-11-26',1,'0002','Bell Bottom'),('BellBottom0003121112020','20:00:00',120,'2021-11-20',1,'0003','Bell Bottom'),('BellBottom0003121112120','20:00:00',120,'2021-11-21',1,'0003','Bell Bottom'),('BellBottom0003121112220','20:00:00',120,'2021-11-22',1,'0003','Bell Bottom'),('BellBottom0003121112320','20:00:00',120,'2021-11-23',1,'0003','Bell Bottom'),('BellBottom0003121112420','20:00:00',120,'2021-11-24',1,'0003','Bell Bottom'),('BellBottom0003121112520','20:00:00',120,'2021-11-25',1,'0003','Bell Bottom'),('BellBottom0003121112620','20:00:00',120,'2021-11-26',1,'0003','Bell Bottom'),('BellBottom0003221112013','11:00:00',120,'2021-11-20',2,'0003','Bell Bottom'),('BellBottom0003221112113','11:00:00',120,'2021-11-21',2,'0003','Bell Bottom'),('BellBottom0003221112213','11:00:00',120,'2021-11-22',2,'0003','Bell Bottom'),('BellBottom0003221112313','11:00:00',120,'2021-11-23',2,'0003','Bell Bottom'),('BellBottom0003221112413','11:00:00',120,'2021-11-24',2,'0003','Bell Bottom'),('BellBottom0003221112513','11:00:00',120,'2021-11-25',2,'0003','Bell Bottom'),('BellBottom0003221112613','11:00:00',120,'2021-11-26',2,'0003','Bell Bottom'),('BellBottom0004121112011','11:00:00',120,'2021-11-20',1,'0004','Bell Bottom'),('BellBottom0004121112111','11:00:00',120,'2021-11-21',1,'0004','Bell Bottom'),('BellBottom0004121112211','11:00:00',120,'2021-11-22',1,'0004','Bell Bottom'),('BellBottom0004121112311','11:00:00',120,'2021-11-23',1,'0004','Bell Bottom'),('BellBottom0004121112411','11:00:00',120,'2021-11-24',1,'0004','Bell Bottom'),('BellBottom0004121112511','11:00:00',120,'2021-11-25',1,'0004','Bell Bottom'),('BellBottom0004121112611','11:00:00',120,'2021-11-26',1,'0004','Bell Bottom'),('BellBottom0005121112020','20:00:00',120,'2021-11-20',1,'0005','Bell Bottom'),('BellBottom0005121112120','20:00:00',120,'2021-11-21',1,'0005','Bell Bottom'),('BellBottom0005121112220','20:00:00',120,'2021-11-22',1,'0005','Bell Bottom'),('BellBottom0005121112320','20:00:00',120,'2021-11-23',1,'0005','Bell Bottom'),('BellBottom0005121112420','20:00:00',120,'2021-11-24',1,'0005','Bell Bottom'),('BellBottom0005121112520','20:00:00',120,'2021-11-25',1,'0005','Bell Bottom'),('BellBottom0005121112620','20:00:00',120,'2021-11-26',1,'0005','Bell Bottom'),('BellBottom0006221112019','19:00:00',120,'2021-11-20',2,'0006','Bell Bottom'),('BellBottom0006221112119','19:00:00',120,'2021-11-21',2,'0006','Bell Bottom'),('BellBottom0006221112219','19:00:00',120,'2021-11-22',2,'0006','Bell Bottom'),('BellBottom0006221112319','19:00:00',120,'2021-11-23',2,'0006','Bell Bottom'),('BellBottom0006221112419','19:00:00',120,'2021-11-24',2,'0006','Bell Bottom'),('BellBottom0006221112519','19:00:00',120,'2021-11-25',2,'0006','Bell Bottom'),('BellBottom0006221112619','19:00:00',120,'2021-11-26',2,'0006','Bell Bottom'),('BellBottom0007221112019','19:00:00',120,'2021-11-20',1,'0007','Bell Bottom'),('BellBottom0007221112119','19:00:00',120,'2021-11-21',1,'0007','Bell Bottom'),('BellBottom0007221112219','19:00:00',120,'2021-11-22',1,'0007','Bell Bottom'),('BellBottom0007221112319','19:00:00',120,'2021-11-23',1,'0007','Bell Bottom'),('BellBottom0007221112419','19:00:00',120,'2021-11-24',1,'0007','Bell Bottom'),('BellBottom0007221112519','19:00:00',120,'2021-11-25',1,'0007','Bell Bottom'),('BellBottom0007221112619','19:00:00',120,'2021-11-26',1,'0007','Bell Bottom'),('BellBottom0008221112119','19:00:00',120,'2021-11-21',2,'0008','Bell Bottom'),('BellBottom0008221112219','19:00:00',120,'2021-11-22',2,'0008','Bell Bottom'),('BellBottom0008221112419','19:00:00',120,'2021-11-24',2,'0008','Bell Bottom'),('BellBottom0008221112519','19:00:00',120,'2021-11-25',2,'0008','Bell Bottom'),('BellBottom0008221112619','19:00:00',120,'2021-11-26',2,'0008','Bell Bottom'),('BellBottom0008222112019','19:00:00',120,'2021-11-20',2,'0008','Bell Bottom'),('BellBottom0008222112319','19:00:00',120,'2021-11-23',2,'0008','Bell Bottom'),('Bhuj0001221112013','11:00:00',120,'2021-11-20',2,'0001','Bhuj'),('Bhuj0001221112019','19:00:00',120,'2021-11-20',2,'0001','Bhuj'),('Bhuj0001221112113','11:00:00',120,'2021-11-21',2,'0001','Bhuj'),('Bhuj0001221112119','19:00:00',120,'2021-11-21',2,'0001','Bhuj'),('Bhuj0001221112213','11:00:00',120,'2021-11-22',2,'0001','Bhuj'),('Bhuj0001221112219','19:00:00',120,'2021-11-22',2,'0001','Bhuj'),('Bhuj0001221112313','11:00:00',120,'2021-11-23',2,'0001','Bhuj'),('Bhuj0001221112319','19:00:00',120,'2021-11-23',2,'0001','Bhuj'),('Bhuj0001221112413','11:00:00',120,'2021-11-24',2,'0001','Bhuj'),('Bhuj0001221112419','19:00:00',120,'2021-11-24',2,'0001','Bhuj'),('Bhuj0001221112513','11:00:00',120,'2021-11-25',2,'0001','Bhuj'),('Bhuj0001221112519','19:00:00',120,'2021-11-25',2,'0001','Bhuj'),('Bhuj0001221112613','11:00:00',120,'2021-11-26',2,'0001','Bhuj'),('Bhuj0001221112619','19:00:00',120,'2021-11-26',2,'0001','Bhuj'),('Bhuj0002121112011','11:00:00',120,'2021-11-20',1,'0002','Bhuj'),('Bhuj0002121112111','11:00:00',120,'2021-11-21',1,'0002','Bhuj'),('Bhuj0002121112211','11:00:00',120,'2021-11-22',1,'0002','Bhuj'),('Bhuj0002121112311','11:00:00',120,'2021-11-23',1,'0002','Bhuj'),('Bhuj0002121112411','11:00:00',120,'2021-11-24',1,'0002','Bhuj'),('Bhuj0002121112511','11:00:00',120,'2021-11-25',1,'0002','Bhuj'),('Bhuj0002121112611','11:00:00',120,'2021-11-26',1,'0002','Bhuj'),('Bhuj0003121112020','20:00:00',120,'2021-11-20',1,'0003','Bhuj'),('Bhuj0003121112120','20:00:00',120,'2021-11-21',1,'0003','Bhuj'),('Bhuj0003121112220','20:00:00',120,'2021-11-22',1,'0003','Bhuj'),('Bhuj0003121112320','20:00:00',120,'2021-11-23',1,'0003','Bhuj'),('Bhuj0003121112420','20:00:00',120,'2021-11-24',1,'0003','Bhuj'),('Bhuj0003121112520','20:00:00',120,'2021-11-25',1,'0003','Bhuj'),('Bhuj0003121112620','20:00:00',120,'2021-11-26',1,'0003','Bhuj'),('Bhuj0003221112013','11:00:00',120,'2021-11-20',2,'0003','Bhuj'),('Bhuj0003221112113','11:00:00',120,'2021-11-21',2,'0003','Bhuj'),('Bhuj0003221112213','11:00:00',120,'2021-11-22',2,'0003','Bhuj'),('Bhuj0003221112313','11:00:00',120,'2021-11-23',2,'0003','Bhuj'),('Bhuj0003221112413','11:00:00',120,'2021-11-24',2,'0003','Bhuj'),('Bhuj0003221112513','11:00:00',120,'2021-11-25',2,'0003','Bhuj'),('Bhuj0003221112613','11:00:00',120,'2021-11-26',2,'0003','Bhuj'),('Bhuj0004121112011','11:00:00',120,'2021-11-20',1,'0004','Bhuj'),('Bhuj0004121112111','11:00:00',120,'2021-11-21',1,'0004','Bhuj'),('Bhuj0004121112211','11:00:00',120,'2021-11-22',1,'0004','Bhuj'),('Bhuj0004121112311','11:00:00',120,'2021-11-23',1,'0004','Bhuj'),('Bhuj0004121112411','11:00:00',120,'2021-11-24',1,'0004','Bhuj'),('Bhuj0004121112511','11:00:00',120,'2021-11-25',1,'0004','Bhuj'),('Bhuj0004121112611','11:00:00',120,'2021-11-26',1,'0004','Bhuj'),('Bhuj0005121112020','20:00:00',120,'2021-11-20',1,'0005','Bhuj'),('Bhuj0005121112120','20:00:00',120,'2021-11-21',1,'0005','Bhuj'),('Bhuj0005121112220','20:00:00',120,'2021-11-22',1,'0005','Bhuj'),('Bhuj0005121112320','20:00:00',120,'2021-11-23',1,'0005','Bhuj'),('Bhuj0005121112420','20:00:00',120,'2021-11-24',1,'0005','Bhuj'),('Bhuj0005121112520','20:00:00',120,'2021-11-25',1,'0005','Bhuj'),('Bhuj0005121112620','20:00:00',120,'2021-11-26',1,'0005','Bhuj'),('Bhuj0006221112019','19:00:00',120,'2021-11-20',2,'0006','Bhuj'),('Bhuj0006221112119','19:00:00',120,'2021-11-21',2,'0006','Bhuj'),('Bhuj0006221112219','19:00:00',120,'2021-11-22',2,'0006','Bhuj'),('Bhuj0006221112319','19:00:00',120,'2021-11-23',2,'0006','Bhuj'),('Bhuj0006221112419','19:00:00',120,'2021-11-24',2,'0006','Bhuj'),('Bhuj0006221112519','19:00:00',120,'2021-11-25',2,'0006','Bhuj'),('Bhuj0006221112619','19:00:00',120,'2021-11-26',2,'0006','Bhuj'),('Bhuj0007221112019','19:00:00',120,'2021-11-20',1,'0007','Bhuj'),('Bhuj0007221112119','19:00:00',120,'2021-11-21',1,'0007','Bhuj'),('Bhuj0007221112219','19:00:00',120,'2021-11-22',1,'0007','Bhuj'),('Bhuj0007221112319','19:00:00',120,'2021-11-23',1,'0007','Bhuj'),('Bhuj0007221112419','19:00:00',120,'2021-11-24',1,'0007','Bhuj'),('Bhuj0007221112519','19:00:00',120,'2021-11-25',1,'0007','Bhuj'),('Bhuj0007221112619','19:00:00',120,'2021-11-26',1,'0007','Bhuj'),('Bhuj0008221112119','19:00:00',120,'2021-11-21',2,'0008','Bhuj'),('Bhuj0008221112219','19:00:00',120,'2021-11-22',2,'0008','Bhuj'),('Bhuj0008221112419','19:00:00',120,'2021-11-24',2,'0008','Bhuj'),('Bhuj0008221112519','19:00:00',120,'2021-11-25',2,'0008','Bhuj'),('Bhuj0008221112619','19:00:00',120,'2021-11-26',2,'0008','Bhuj'),('Bhuj0008222112019','19:00:00',120,'2021-11-20',2,'0008','Bhuj'),('Bhuj0008222112319','19:00:00',120,'2021-11-23',2,'0008','Bhuj'),('Chehre0001221112013','11:00:00',120,'2021-11-20',2,'0001','Chehre'),('Chehre0001221112019','19:00:00',120,'2021-11-20',2,'0001','Chehre'),('Chehre0001221112113','11:00:00',120,'2021-11-21',2,'0001','Chehre'),('Chehre0001221112119','19:00:00',120,'2021-11-21',2,'0001','Chehre'),('Chehre0001221112213','11:00:00',120,'2021-11-22',2,'0001','Chehre'),('Chehre0001221112219','19:00:00',120,'2021-11-22',2,'0001','Chehre'),('Chehre0001221112313','11:00:00',120,'2021-11-23',2,'0001','Chehre'),('Chehre0001221112319','19:00:00',120,'2021-11-23',2,'0001','Chehre'),('Chehre0001221112413','11:00:00',120,'2021-11-24',2,'0001','Chehre'),('Chehre0001221112419','19:00:00',120,'2021-11-24',2,'0001','Chehre'),('Chehre0001221112513','11:00:00',120,'2021-11-25',2,'0001','Chehre'),('Chehre0001221112519','19:00:00',120,'2021-11-25',2,'0001','Chehre'),('Chehre0001221112613','11:00:00',120,'2021-11-26',2,'0001','Chehre'),('Chehre0001221112619','19:00:00',120,'2021-11-26',2,'0001','Chehre'),('Chehre0002121112011','11:00:00',120,'2021-11-20',1,'0002','Chehre'),('Chehre0002121112111','11:00:00',120,'2021-11-21',1,'0002','Chehre'),('Chehre0002121112211','11:00:00',120,'2021-11-22',1,'0002','Chehre'),('Chehre0002121112311','11:00:00',120,'2021-11-23',1,'0002','Chehre'),('Chehre0002121112411','11:00:00',120,'2021-11-24',1,'0002','Chehre'),('Chehre0002121112511','11:00:00',120,'2021-11-25',1,'0002','Chehre'),('Chehre0002121112611','11:00:00',120,'2021-11-26',1,'0002','Chehre'),('Chehre0003121112020','20:00:00',120,'2021-11-20',1,'0003','Chehre'),('Chehre0003121112120','20:00:00',120,'2021-11-21',1,'0003','Chehre'),('Chehre0003121112220','20:00:00',120,'2021-11-22',1,'0003','Chehre'),('Chehre0003121112320','20:00:00',120,'2021-11-23',1,'0003','Chehre'),('Chehre0003121112420','20:00:00',120,'2021-11-24',1,'0003','Chehre'),('Chehre0003121112520','20:00:00',120,'2021-11-25',1,'0003','Chehre'),('Chehre0003121112620','20:00:00',120,'2021-11-26',1,'0003','Chehre'),('Chehre0003221112013','11:00:00',120,'2021-11-20',2,'0003','Chehre'),('Chehre0003221112113','11:00:00',120,'2021-11-21',2,'0003','Chehre'),('Chehre0003221112213','11:00:00',120,'2021-11-22',2,'0003','Chehre'),('Chehre0003221112313','11:00:00',120,'2021-11-23',2,'0003','Chehre'),('Chehre0003221112413','11:00:00',120,'2021-11-24',2,'0003','Chehre'),('Chehre0003221112513','11:00:00',120,'2021-11-25',2,'0003','Chehre'),('Chehre0003221112613','11:00:00',120,'2021-11-26',2,'0003','Chehre'),('Chehre0004121112011','11:00:00',120,'2021-11-20',1,'0004','Chehre'),('Chehre0004121112111','11:00:00',120,'2021-11-21',1,'0004','Chehre'),('Chehre0004121112211','11:00:00',120,'2021-11-22',1,'0004','Chehre'),('Chehre0004121112311','11:00:00',120,'2021-11-23',1,'0004','Chehre'),('Chehre0004121112411','11:00:00',120,'2021-11-24',1,'0004','Chehre'),('Chehre0004121112511','11:00:00',120,'2021-11-25',1,'0004','Chehre'),('Chehre0004121112611','11:00:00',120,'2021-11-26',1,'0004','Chehre'),('Chehre0005121112020','20:00:00',120,'2021-11-20',1,'0005','Chehre'),('Chehre0005121112120','20:00:00',120,'2021-11-21',1,'0005','Chehre'),('Chehre0005121112220','20:00:00',120,'2021-11-22',1,'0005','Chehre'),('Chehre0005121112320','20:00:00',120,'2021-11-23',1,'0005','Chehre'),('Chehre0005121112420','20:00:00',120,'2021-11-24',1,'0005','Chehre'),('Chehre0005121112520','20:00:00',120,'2021-11-25',1,'0005','Chehre'),('Chehre0005121112620','20:00:00',120,'2021-11-26',1,'0005','Chehre'),('Chehre0006221112019','19:00:00',120,'2021-11-20',2,'0006','Chehre'),('Chehre0006221112119','19:00:00',120,'2021-11-21',2,'0006','Chehre'),('Chehre0006221112219','19:00:00',120,'2021-11-22',2,'0006','Chehre'),('Chehre0006221112319','19:00:00',120,'2021-11-23',2,'0006','Chehre'),('Chehre0006221112419','19:00:00',120,'2021-11-24',2,'0006','Chehre'),('Chehre0006221112519','19:00:00',120,'2021-11-25',2,'0006','Chehre'),('Chehre0006221112619','19:00:00',120,'2021-11-26',2,'0006','Chehre'),('Chehre0007221112019','19:00:00',120,'2021-11-20',1,'0007','Chehre'),('Chehre0007221112119','19:00:00',120,'2021-11-21',1,'0007','Chehre'),('Chehre0007221112219','19:00:00',120,'2021-11-22',1,'0007','Chehre'),('Chehre0007221112319','19:00:00',120,'2021-11-23',1,'0007','Chehre'),('Chehre0007221112419','19:00:00',120,'2021-11-24',1,'0007','Chehre'),('Chehre0007221112519','19:00:00',120,'2021-11-25',1,'0007','Chehre'),('Chehre0007221112619','19:00:00',120,'2021-11-26',1,'0007','Chehre'),('Chehre0008221112119','19:00:00',120,'2021-11-21',2,'0008','Chehre'),('Chehre0008221112219','19:00:00',120,'2021-11-22',2,'0008','Chehre'),('Chehre0008221112419','19:00:00',120,'2021-11-24',2,'0008','Chehre'),('Chehre0008221112519','19:00:00',120,'2021-11-25',2,'0008','Chehre'),('Chehre0008221112619','19:00:00',120,'2021-11-26',2,'0008','Chehre'),('Chehre0008222112019','19:00:00',120,'2021-11-20',2,'0008','Chehre'),('Chehre0008222112319','19:00:00',120,'2021-11-23',2,'0008','Chehre'),('Conjuring0001221112013','11:00:00',120,'2021-11-20',2,'0001','Conjuring'),('Conjuring0001221112019','19:00:00',120,'2021-11-20',2,'0001','Conjuring'),('Conjuring0001221112113','11:00:00',120,'2021-11-21',2,'0001','Conjuring'),('Conjuring0001221112119','19:00:00',120,'2021-11-21',2,'0001','Conjuring'),('Conjuring0001221112213','11:00:00',120,'2021-11-22',2,'0001','Conjuring'),('Conjuring0001221112219','19:00:00',120,'2021-11-22',2,'0001','Conjuring'),('Conjuring0001221112313','11:00:00',120,'2021-11-23',2,'0001','Conjuring'),('Conjuring0001221112319','19:00:00',120,'2021-11-23',2,'0001','Conjuring'),('Conjuring0001221112413','11:00:00',120,'2021-11-24',2,'0001','Conjuring'),('Conjuring0001221112419','19:00:00',120,'2021-11-24',2,'0001','Conjuring'),('Conjuring0001221112513','11:00:00',120,'2021-11-25',2,'0001','Conjuring'),('Conjuring0001221112519','19:00:00',120,'2021-11-25',2,'0001','Conjuring'),('Conjuring0001221112613','11:00:00',120,'2021-11-26',2,'0001','Conjuring'),('Conjuring0001221112619','19:00:00',120,'2021-11-26',2,'0001','Conjuring'),('Conjuring0002121112011','11:00:00',120,'2021-11-20',1,'0002','Conjuring'),('Conjuring0002121112111','11:00:00',120,'2021-11-21',1,'0002','Conjuring'),('Conjuring0002121112211','11:00:00',120,'2021-11-22',1,'0002','Conjuring'),('Conjuring0002121112311','11:00:00',120,'2021-11-23',1,'0002','Conjuring'),('Conjuring0002121112411','11:00:00',120,'2021-11-24',1,'0002','Conjuring'),('Conjuring0002121112511','11:00:00',120,'2021-11-25',1,'0002','Conjuring'),('Conjuring0002121112611','11:00:00',120,'2021-11-26',1,'0002','Conjuring'),('Conjuring0003121112020','20:00:00',120,'2021-11-20',1,'0003','Conjuring'),('Conjuring0003121112120','20:00:00',120,'2021-11-21',1,'0003','Conjuring'),('Conjuring0003121112220','20:00:00',120,'2021-11-22',1,'0003','Conjuring'),('Conjuring0003121112320','20:00:00',120,'2021-11-23',1,'0003','Conjuring'),('Conjuring0003121112420','20:00:00',120,'2021-11-24',1,'0003','Conjuring'),('Conjuring0003121112520','20:00:00',120,'2021-11-25',1,'0003','Conjuring'),('Conjuring0003121112620','20:00:00',120,'2021-11-26',1,'0003','Conjuring'),('Conjuring0003221112013','11:00:00',120,'2021-11-20',2,'0003','Conjuring'),('Conjuring0003221112113','11:00:00',120,'2021-11-21',2,'0003','Conjuring'),('Conjuring0003221112213','11:00:00',120,'2021-11-22',2,'0003','Conjuring'),('Conjuring0003221112313','11:00:00',120,'2021-11-23',2,'0003','Conjuring'),('Conjuring0003221112413','11:00:00',120,'2021-11-24',2,'0003','Conjuring'),('Conjuring0003221112513','11:00:00',120,'2021-11-25',2,'0003','Conjuring'),('Conjuring0003221112613','11:00:00',120,'2021-11-26',2,'0003','Conjuring'),('Conjuring0004121112011','11:00:00',120,'2021-11-20',1,'0004','Conjuring'),('Conjuring0004121112111','11:00:00',120,'2021-11-21',1,'0004','Conjuring'),('Conjuring0004121112211','11:00:00',120,'2021-11-22',1,'0004','Conjuring'),('Conjuring0004121112311','11:00:00',120,'2021-11-23',1,'0004','Conjuring'),('Conjuring0004121112411','11:00:00',120,'2021-11-24',1,'0004','Conjuring'),('Conjuring0004121112511','11:00:00',120,'2021-11-25',1,'0004','Conjuring'),('Conjuring0004121112611','11:00:00',120,'2021-11-26',1,'0004','Conjuring'),('Conjuring0005121112020','20:00:00',120,'2021-11-20',1,'0005','Conjuring'),('Conjuring0005121112120','20:00:00',120,'2021-11-21',1,'0005','Conjuring'),('Conjuring0005121112220','20:00:00',120,'2021-11-22',1,'0005','Conjuring'),('Conjuring0005121112320','20:00:00',120,'2021-11-23',1,'0005','Conjuring'),('Conjuring0005121112420','20:00:00',120,'2021-11-24',1,'0005','Conjuring'),('Conjuring0005121112520','20:00:00',120,'2021-11-25',1,'0005','Conjuring'),('Conjuring0005121112620','20:00:00',120,'2021-11-26',1,'0005','Conjuring'),('Conjuring0006221112019','19:00:00',120,'2021-11-20',2,'0006','Conjuring'),('Conjuring0006221112119','19:00:00',120,'2021-11-21',2,'0006','Conjuring'),('Conjuring0006221112219','19:00:00',120,'2021-11-22',2,'0006','Conjuring'),('Conjuring0006221112319','19:00:00',120,'2021-11-23',2,'0006','Conjuring'),('Conjuring0006221112419','19:00:00',120,'2021-11-24',2,'0006','Conjuring'),('Conjuring0006221112519','19:00:00',120,'2021-11-25',2,'0006','Conjuring'),('Conjuring0006221112619','19:00:00',120,'2021-11-26',2,'0006','Conjuring'),('Conjuring0007221112019','19:00:00',120,'2021-11-20',1,'0007','Conjuring'),('Conjuring0007221112119','19:00:00',120,'2021-11-21',1,'0007','Conjuring'),('Conjuring0007221112219','19:00:00',120,'2021-11-22',1,'0007','Conjuring'),('Conjuring0007221112319','19:00:00',120,'2021-11-23',1,'0007','Conjuring'),('Conjuring0007221112419','19:00:00',120,'2021-11-24',1,'0007','Conjuring'),('Conjuring0007221112519','19:00:00',120,'2021-11-25',1,'0007','Conjuring'),('Conjuring0007221112619','19:00:00',120,'2021-11-26',1,'0007','Conjuring'),('Conjuring0008221112119','19:00:00',120,'2021-11-21',2,'0008','Conjuring'),('Conjuring0008221112219','19:00:00',120,'2021-11-22',2,'0008','Conjuring'),('Conjuring0008221112419','19:00:00',120,'2021-11-24',2,'0008','Conjuring'),('Conjuring0008221112519','19:00:00',120,'2021-11-25',2,'0008','Conjuring'),('Conjuring0008221112619','19:00:00',120,'2021-11-26',2,'0008','Conjuring'),('Conjuring0008222112019','19:00:00',120,'2021-11-20',2,'0008','Conjuring'),('Conjuring0008222112319','19:00:00',120,'2021-11-23',2,'0008','Conjuring'),('Coolie0001221112013','11:00:00',120,'2021-11-20',2,'0001','Coolie'),('Coolie0001221112019','19:00:00',120,'2021-11-20',2,'0001','Coolie'),('Coolie0001221112113','11:00:00',120,'2021-11-21',2,'0001','Coolie'),('Coolie0001221112119','19:00:00',120,'2021-11-21',2,'0001','Coolie'),('Coolie0001221112213','11:00:00',120,'2021-11-22',2,'0001','Coolie'),('Coolie0001221112219','19:00:00',120,'2021-11-22',2,'0001','Coolie'),('Coolie0001221112313','11:00:00',120,'2021-11-23',2,'0001','Coolie'),('Coolie0001221112319','19:00:00',120,'2021-11-23',2,'0001','Coolie'),('Coolie0001221112413','11:00:00',120,'2021-11-24',2,'0001','Coolie'),('Coolie0001221112419','19:00:00',120,'2021-11-24',2,'0001','Coolie'),('Coolie0001221112513','11:00:00',120,'2021-11-25',2,'0001','Coolie'),('Coolie0001221112519','19:00:00',120,'2021-11-25',2,'0001','Coolie'),('Coolie0001221112613','11:00:00',120,'2021-11-26',2,'0001','Coolie'),('Coolie0001221112619','19:00:00',120,'2021-11-26',2,'0001','Coolie'),('Coolie0002121112011','11:00:00',120,'2021-11-20',1,'0002','Coolie'),('Coolie0002121112111','11:00:00',120,'2021-11-21',1,'0002','Coolie'),('Coolie0002121112211','11:00:00',120,'2021-11-22',1,'0002','Coolie'),('Coolie0002121112311','11:00:00',120,'2021-11-23',1,'0002','Coolie'),('Coolie0002121112411','11:00:00',120,'2021-11-24',1,'0002','Coolie'),('Coolie0002121112511','11:00:00',120,'2021-11-25',1,'0002','Coolie'),('Coolie0002121112611','11:00:00',120,'2021-11-26',1,'0002','Coolie'),('Coolie0003121112020','20:00:00',120,'2021-11-20',1,'0003','Coolie'),('Coolie0003121112120','20:00:00',120,'2021-11-21',1,'0003','Coolie'),('Coolie0003121112220','20:00:00',120,'2021-11-22',1,'0003','Coolie'),('Coolie0003121112320','20:00:00',120,'2021-11-23',1,'0003','Coolie'),('Coolie0003121112420','20:00:00',120,'2021-11-24',1,'0003','Coolie'),('Coolie0003121112520','20:00:00',120,'2021-11-25',1,'0003','Coolie'),('Coolie0003121112620','20:00:00',120,'2021-11-26',1,'0003','Coolie'),('Coolie0003221112013','11:00:00',120,'2021-11-20',2,'0003','Coolie'),('Coolie0003221112113','11:00:00',120,'2021-11-21',2,'0003','Coolie'),('Coolie0003221112213','11:00:00',120,'2021-11-22',2,'0003','Coolie'),('Coolie0003221112313','11:00:00',120,'2021-11-23',2,'0003','Coolie'),('Coolie0003221112413','11:00:00',120,'2021-11-24',2,'0003','Coolie'),('Coolie0003221112513','11:00:00',120,'2021-11-25',2,'0003','Coolie'),('Coolie0003221112613','11:00:00',120,'2021-11-26',2,'0003','Coolie'),('Coolie0004121112011','11:00:00',120,'2021-11-20',1,'0004','Coolie'),('Coolie0004121112111','11:00:00',120,'2021-11-21',1,'0004','Coolie'),('Coolie0004121112211','11:00:00',120,'2021-11-22',1,'0004','Coolie'),('Coolie0004121112311','11:00:00',120,'2021-11-23',1,'0004','Coolie'),('Coolie0004121112411','11:00:00',120,'2021-11-24',1,'0004','Coolie'),('Coolie0004121112511','11:00:00',120,'2021-11-25',1,'0004','Coolie'),('Coolie0004121112611','11:00:00',120,'2021-11-26',1,'0004','Coolie'),('Coolie0005121112020','20:00:00',120,'2021-11-20',1,'0005','Coolie'),('Coolie0005121112120','20:00:00',120,'2021-11-21',1,'0005','Coolie'),('Coolie0005121112220','20:00:00',120,'2021-11-22',1,'0005','Coolie'),('Coolie0005121112320','20:00:00',120,'2021-11-23',1,'0005','Coolie'),('Coolie0005121112420','20:00:00',120,'2021-11-24',1,'0005','Coolie'),('Coolie0005121112520','20:00:00',120,'2021-11-25',1,'0005','Coolie'),('Coolie0005121112620','20:00:00',120,'2021-11-26',1,'0005','Coolie'),('Coolie0006221112019','19:00:00',120,'2021-11-20',2,'0006','Coolie'),('Coolie0006221112119','19:00:00',120,'2021-11-21',2,'0006','Coolie'),('Coolie0006221112219','19:00:00',120,'2021-11-22',2,'0006','Coolie'),('Coolie0006221112319','19:00:00',120,'2021-11-23',2,'0006','Coolie'),('Coolie0006221112419','19:00:00',120,'2021-11-24',2,'0006','Coolie'),('Coolie0006221112519','19:00:00',120,'2021-11-25',2,'0006','Coolie'),('Coolie0006221112619','19:00:00',120,'2021-11-26',2,'0006','Coolie'),('Coolie0007221112019','19:00:00',120,'2021-11-20',1,'0007','Coolie'),('Coolie0007221112119','19:00:00',120,'2021-11-21',1,'0007','Coolie'),('Coolie0007221112219','19:00:00',120,'2021-11-22',1,'0007','Coolie'),('Coolie0007221112319','19:00:00',120,'2021-11-23',1,'0007','Coolie'),('Coolie0007221112419','19:00:00',120,'2021-11-24',1,'0007','Coolie'),('Coolie0007221112519','19:00:00',120,'2021-11-25',1,'0007','Coolie'),('Coolie0007221112619','19:00:00',120,'2021-11-26',1,'0007','Coolie'),('Coolie0008221112119','19:00:00',120,'2021-11-21',2,'0008','Coolie'),('Coolie0008221112219','19:00:00',120,'2021-11-22',2,'0008','Coolie'),('Coolie0008221112419','19:00:00',120,'2021-11-24',2,'0008','Coolie'),('Coolie0008221112519','19:00:00',120,'2021-11-25',2,'0008','Coolie'),('Coolie0008221112619','19:00:00',120,'2021-11-26',2,'0008','Coolie'),('Coolie0008222112019','19:00:00',120,'2021-11-20',2,'0008','Coolie'),('Coolie0008222112319','19:00:00',120,'2021-11-23',2,'0008','Coolie'),('FastFurious90001221112013','11:00:00',120,'2021-11-20',2,'0001','Fast and Furious 9'),('FastFurious90001221112019','19:00:00',120,'2021-11-20',2,'0001','Fast and Furious 9'),('FastFurious90001221112113','11:00:00',120,'2021-11-21',2,'0001','Fast and Furious 9'),('FastFurious90001221112119','19:00:00',120,'2021-11-21',2,'0001','Fast and Furious 9'),('FastFurious90001221112213','11:00:00',120,'2021-11-22',2,'0001','Fast and Furious 9'),('FastFurious90001221112219','19:00:00',120,'2021-11-22',2,'0001','Fast and Furious 9'),('FastFurious90001221112313','11:00:00',120,'2021-11-23',2,'0001','Fast and Furious 9'),('FastFurious90001221112319','19:00:00',120,'2021-11-23',2,'0001','Fast and Furious 9'),('FastFurious90001221112413','11:00:00',120,'2021-11-24',2,'0001','Fast and Furious 9'),('FastFurious90001221112419','19:00:00',120,'2021-11-24',2,'0001','Fast and Furious 9'),('FastFurious90001221112513','11:00:00',120,'2021-11-25',2,'0001','Fast and Furious 9'),('FastFurious90001221112519','19:00:00',120,'2021-11-25',2,'0001','Fast and Furious 9'),('FastFurious90001221112613','11:00:00',120,'2021-11-26',2,'0001','Fast and Furious 9'),('FastFurious90001221112619','19:00:00',120,'2021-11-26',2,'0001','Fast and Furious 9'),('FastFurious90002121112011','11:00:00',120,'2021-11-20',1,'0002','Fast and Furious 9'),('FastFurious90002121112111','11:00:00',120,'2021-11-21',1,'0002','Fast and Furious 9'),('FastFurious90002121112211','11:00:00',120,'2021-11-22',1,'0002','Fast and Furious 9'),('FastFurious90002121112311','11:00:00',120,'2021-11-23',1,'0002','Fast and Furious 9'),('FastFurious90002121112411','11:00:00',120,'2021-11-24',1,'0002','Fast and Furious 9'),('FastFurious90002121112511','11:00:00',120,'2021-11-25',1,'0002','Fast and Furious 9'),('FastFurious90002121112611','11:00:00',120,'2021-11-26',1,'0002','Fast and Furious 9'),('FastFurious90003121112020','20:00:00',120,'2021-11-20',1,'0003','Fast and Furious 9'),('FastFurious90003121112120','20:00:00',120,'2021-11-21',1,'0003','Fast and Furious 9'),('FastFurious90003121112220','20:00:00',120,'2021-11-22',1,'0003','Fast and Furious 9'),('FastFurious90003121112320','20:00:00',120,'2021-11-23',1,'0003','Fast and Furious 9'),('FastFurious90003121112420','20:00:00',120,'2021-11-24',1,'0003','Fast and Furious 9'),('FastFurious90003121112520','20:00:00',120,'2021-11-25',1,'0003','Fast and Furious 9'),('FastFurious90003121112620','20:00:00',120,'2021-11-26',1,'0003','Fast and Furious 9'),('FastFurious90003221112013','11:00:00',120,'2021-11-20',2,'0003','Fast and Furious 9'),('FastFurious90003221112113','11:00:00',120,'2021-11-21',2,'0003','Fast and Furious 9'),('FastFurious90003221112213','11:00:00',120,'2021-11-22',2,'0003','Fast and Furious 9'),('FastFurious90003221112313','11:00:00',120,'2021-11-23',2,'0003','Fast and Furious 9'),('FastFurious90003221112413','11:00:00',120,'2021-11-24',2,'0003','Fast and Furious 9'),('FastFurious90003221112513','11:00:00',120,'2021-11-25',2,'0003','Fast and Furious 9'),('FastFurious90003221112613','11:00:00',120,'2021-11-26',2,'0003','Fast and Furious 9'),('FastFurious90004121112011','11:00:00',120,'2021-11-20',1,'0004','Fast and Furious 9'),('FastFurious90004121112111','11:00:00',120,'2021-11-21',1,'0004','Fast and Furious 9'),('FastFurious90004121112211','11:00:00',120,'2021-11-22',1,'0004','Fast and Furious 9'),('FastFurious90004121112311','11:00:00',120,'2021-11-23',1,'0004','Fast and Furious 9'),('FastFurious90004121112411','11:00:00',120,'2021-11-24',1,'0004','Fast and Furious 9'),('FastFurious90004121112511','11:00:00',120,'2021-11-25',1,'0004','Fast and Furious 9'),('FastFurious90004121112611','11:00:00',120,'2021-11-26',1,'0004','Fast and Furious 9'),('FastFurious90005121112020','20:00:00',120,'2021-11-20',1,'0005','Fast and Furious 9'),('FastFurious90005121112120','20:00:00',120,'2021-11-21',1,'0005','Fast and Furious 9'),('FastFurious90005121112220','20:00:00',120,'2021-11-22',1,'0005','Fast and Furious 9'),('FastFurious90005121112320','20:00:00',120,'2021-11-23',1,'0005','Fast and Furious 9'),('FastFurious90005121112420','20:00:00',120,'2021-11-24',1,'0005','Fast and Furious 9'),('FastFurious90005121112520','20:00:00',120,'2021-11-25',1,'0005','Fast and Furious 9'),('FastFurious90005121112620','20:00:00',120,'2021-11-26',1,'0005','Fast and Furious 9'),('FastFurious90006221112019','19:00:00',120,'2021-11-20',2,'0006','Fast and Furious 9'),('FastFurious90006221112119','19:00:00',120,'2021-11-21',2,'0006','Fast and Furious 9'),('FastFurious90006221112219','19:00:00',120,'2021-11-22',2,'0006','Fast and Furious 9'),('FastFurious90006221112319','19:00:00',120,'2021-11-23',2,'0006','Fast and Furious 9'),('FastFurious90006221112419','19:00:00',120,'2021-11-24',2,'0006','Fast and Furious 9'),('FastFurious90006221112519','19:00:00',120,'2021-11-25',2,'0006','Fast and Furious 9'),('FastFurious90006221112619','19:00:00',120,'2021-11-26',2,'0006','Fast and Furious 9'),('FastFurious90007221112019','19:00:00',120,'2021-11-20',1,'0007','Fast and Furious 9'),('FastFurious90007221112119','19:00:00',120,'2021-11-21',1,'0007','Fast and Furious 9'),('FastFurious90007221112219','19:00:00',120,'2021-11-22',1,'0007','Fast and Furious 9'),('FastFurious90007221112319','19:00:00',120,'2021-11-23',1,'0007','Fast and Furious 9'),('FastFurious90007221112419','19:00:00',120,'2021-11-24',1,'0007','Fast and Furious 9'),('FastFurious90007221112519','19:00:00',120,'2021-11-25',1,'0007','Fast and Furious 9'),('FastFurious90007221112619','19:00:00',120,'2021-11-26',1,'0007','Fast and Furious 9'),('FastFurious90008221112119','19:00:00',120,'2021-11-21',2,'0008','Fast and Furious 9'),('FastFurious90008221112219','19:00:00',120,'2021-11-22',2,'0008','Fast and Furious 9'),('FastFurious90008221112419','19:00:00',120,'2021-11-24',2,'0008','Fast and Furious 9'),('FastFurious90008221112519','19:00:00',120,'2021-11-25',2,'0008','Fast and Furious 9'),('FastFurious90008221112619','19:00:00',120,'2021-11-26',2,'0008','Fast and Furious 9'),('FastFurious90008222112019','19:00:00',120,'2021-11-20',2,'0008','Fast and Furious 9'),('FastFurious90008222112319','19:00:00',120,'2021-11-23',2,'0008','Fast and Furious 9'),('HaseenDilruba0001221112013','11:00:00',120,'2021-11-20',2,'0001','Haseen Dilruba'),('HaseenDilruba0001221112019','19:00:00',120,'2021-11-20',2,'0001','Haseen Dilruba'),('HaseenDilruba0001221112113','11:00:00',120,'2021-11-21',2,'0001','Haseen Dilruba'),('HaseenDilruba0001221112119','19:00:00',120,'2021-11-21',2,'0001','Haseen Dilruba'),('HaseenDilruba0001221112213','11:00:00',120,'2021-11-22',2,'0001','Haseen Dilruba'),('HaseenDilruba0001221112219','19:00:00',120,'2021-11-22',2,'0001','Haseen Dilruba'),('HaseenDilruba0001221112313','11:00:00',120,'2021-11-23',2,'0001','Haseen Dilruba'),('HaseenDilruba0001221112319','19:00:00',120,'2021-11-23',2,'0001','Haseen Dilruba'),('HaseenDilruba0001221112413','11:00:00',120,'2021-11-24',2,'0001','Haseen Dilruba'),('HaseenDilruba0001221112419','19:00:00',120,'2021-11-24',2,'0001','Haseen Dilruba'),('HaseenDilruba0001221112513','11:00:00',120,'2021-11-25',2,'0001','Haseen Dilruba'),('HaseenDilruba0001221112519','19:00:00',120,'2021-11-25',2,'0001','Haseen Dilruba'),('HaseenDilruba0001221112613','11:00:00',120,'2021-11-26',2,'0001','Haseen Dilruba'),('HaseenDilruba0001221112619','19:00:00',120,'2021-11-26',2,'0001','Haseen Dilruba'),('HaseenDilruba0002121112011','11:00:00',120,'2021-11-20',1,'0002','Haseen Dilruba'),('HaseenDilruba0002121112111','11:00:00',120,'2021-11-21',1,'0002','Haseen Dilruba'),('HaseenDilruba0002121112211','11:00:00',120,'2021-11-22',1,'0002','Haseen Dilruba'),('HaseenDilruba0002121112311','11:00:00',120,'2021-11-23',1,'0002','Haseen Dilruba'),('HaseenDilruba0002121112411','11:00:00',120,'2021-11-24',1,'0002','Haseen Dilruba'),('HaseenDilruba0002121112511','11:00:00',120,'2021-11-25',1,'0002','Haseen Dilruba'),('HaseenDilruba0002121112611','11:00:00',120,'2021-11-26',1,'0002','Haseen Dilruba'),('HaseenDilruba0003121112020','20:00:00',120,'2021-11-20',1,'0003','Haseen Dilruba'),('HaseenDilruba0003121112120','20:00:00',120,'2021-11-21',1,'0003','Haseen Dilruba'),('HaseenDilruba0003121112220','20:00:00',120,'2021-11-22',1,'0003','Haseen Dilruba'),('HaseenDilruba0003121112320','20:00:00',120,'2021-11-23',1,'0003','Haseen Dilruba'),('HaseenDilruba0003121112420','20:00:00',120,'2021-11-24',1,'0003','Haseen Dilruba'),('HaseenDilruba0003121112520','20:00:00',120,'2021-11-25',1,'0003','Haseen Dilruba'),('HaseenDilruba0003121112620','20:00:00',120,'2021-11-26',1,'0003','Haseen Dilruba'),('HaseenDilruba0003221112013','11:00:00',120,'2021-11-20',2,'0003','Haseen Dilruba'),('HaseenDilruba0003221112113','11:00:00',120,'2021-11-21',2,'0003','Haseen Dilruba'),('HaseenDilruba0003221112213','11:00:00',120,'2021-11-22',2,'0003','Haseen Dilruba'),('HaseenDilruba0003221112313','11:00:00',120,'2021-11-23',2,'0003','Haseen Dilruba'),('HaseenDilruba0003221112413','11:00:00',120,'2021-11-24',2,'0003','Haseen Dilruba'),('HaseenDilruba0003221112513','11:00:00',120,'2021-11-25',2,'0003','Haseen Dilruba'),('HaseenDilruba0003221112613','11:00:00',120,'2021-11-26',2,'0003','Haseen Dilruba'),('HaseenDilruba0004121112011','11:00:00',120,'2021-11-20',1,'0004','Haseen Dilruba'),('HaseenDilruba0004121112111','11:00:00',120,'2021-11-21',1,'0004','Haseen Dilruba'),('HaseenDilruba0004121112211','11:00:00',120,'2021-11-22',1,'0004','Haseen Dilruba'),('HaseenDilruba0004121112311','11:00:00',120,'2021-11-23',1,'0004','Haseen Dilruba'),('HaseenDilruba0004121112411','11:00:00',120,'2021-11-24',1,'0004','Haseen Dilruba'),('HaseenDilruba0004121112511','11:00:00',120,'2021-11-25',1,'0004','Haseen Dilruba'),('HaseenDilruba0004121112611','11:00:00',120,'2021-11-26',1,'0004','Haseen Dilruba'),('HaseenDilruba0005121112020','20:00:00',120,'2021-11-20',1,'0005','Haseen Dilruba'),('HaseenDilruba0005121112120','20:00:00',120,'2021-11-21',1,'0005','Haseen Dilruba'),('HaseenDilruba0005121112220','20:00:00',120,'2021-11-22',1,'0005','Haseen Dilruba'),('HaseenDilruba0005121112320','20:00:00',120,'2021-11-23',1,'0005','Haseen Dilruba'),('HaseenDilruba0005121112420','20:00:00',120,'2021-11-24',1,'0005','Haseen Dilruba'),('HaseenDilruba0005121112520','20:00:00',120,'2021-11-25',1,'0005','Haseen Dilruba'),('HaseenDilruba0005121112620','20:00:00',120,'2021-11-26',1,'0005','Haseen Dilruba'),('HaseenDilruba0006221112019','19:00:00',120,'2021-11-20',2,'0006','Haseen Dilruba'),('HaseenDilruba0006221112119','19:00:00',120,'2021-11-21',2,'0006','Haseen Dilruba'),('HaseenDilruba0006221112219','19:00:00',120,'2021-11-22',2,'0006','Haseen Dilruba'),('HaseenDilruba0006221112319','19:00:00',120,'2021-11-23',2,'0006','Haseen Dilruba'),('HaseenDilruba0006221112419','19:00:00',120,'2021-11-24',2,'0006','Haseen Dilruba'),('HaseenDilruba0006221112519','19:00:00',120,'2021-11-25',2,'0006','Haseen Dilruba'),('HaseenDilruba0006221112619','19:00:00',120,'2021-11-26',2,'0006','Haseen Dilruba'),('HaseenDilruba0007221112019','19:00:00',120,'2021-11-20',1,'0007','Haseen Dilruba'),('HaseenDilruba0007221112119','19:00:00',120,'2021-11-21',1,'0007','Haseen Dilruba'),('HaseenDilruba0007221112219','19:00:00',120,'2021-11-22',1,'0007','Haseen Dilruba'),('HaseenDilruba0007221112319','19:00:00',120,'2021-11-23',1,'0007','Haseen Dilruba'),('HaseenDilruba0007221112419','19:00:00',120,'2021-11-24',1,'0007','Haseen Dilruba'),('HaseenDilruba0007221112519','19:00:00',120,'2021-11-25',1,'0007','Haseen Dilruba'),('HaseenDilruba0007221112619','19:00:00',120,'2021-11-26',1,'0007','Haseen Dilruba'),('HaseenDilruba0008221112119','19:00:00',120,'2021-11-21',2,'0008','Haseen Dilruba'),('HaseenDilruba0008221112219','19:00:00',120,'2021-11-22',2,'0008','Haseen Dilruba'),('HaseenDilruba0008221112419','19:00:00',120,'2021-11-24',2,'0008','Haseen Dilruba'),('HaseenDilruba0008221112519','19:00:00',120,'2021-11-25',2,'0008','Haseen Dilruba'),('HaseenDilruba0008221112619','19:00:00',120,'2021-11-26',2,'0008','Haseen Dilruba'),('HaseenDilruba0008222112019','19:00:00',120,'2021-11-20',2,'0008','Haseen Dilruba'),('HaseenDilruba0008222112319','19:00:00',120,'2021-11-23',2,'0008','Haseen Dilruba'),('HelloCharlie0001221112013','11:00:00',120,'2021-11-20',2,'0001','Hello Charlie'),('HelloCharlie0001221112019','19:00:00',120,'2021-11-20',2,'0001','Hello Charlie'),('HelloCharlie0001221112113','11:00:00',120,'2021-11-21',2,'0001','Hello Charlie'),('HelloCharlie0001221112119','19:00:00',120,'2021-11-21',2,'0001','Hello Charlie'),('HelloCharlie0001221112213','11:00:00',120,'2021-11-22',2,'0001','Hello Charlie'),('HelloCharlie0001221112219','19:00:00',120,'2021-11-22',2,'0001','Hello Charlie'),('HelloCharlie0001221112313','11:00:00',120,'2021-11-23',2,'0001','Hello Charlie'),('HelloCharlie0001221112319','19:00:00',120,'2021-11-23',2,'0001','Hello Charlie'),('HelloCharlie0001221112413','11:00:00',120,'2021-11-24',2,'0001','Hello Charlie'),('HelloCharlie0001221112419','19:00:00',120,'2021-11-24',2,'0001','Hello Charlie'),('HelloCharlie0001221112513','11:00:00',120,'2021-11-25',2,'0001','Hello Charlie'),('HelloCharlie0001221112519','19:00:00',120,'2021-11-25',2,'0001','Hello Charlie'),('HelloCharlie0001221112613','11:00:00',120,'2021-11-26',2,'0001','Hello Charlie'),('HelloCharlie0001221112619','19:00:00',120,'2021-11-26',2,'0001','Hello Charlie'),('HelloCharlie0002121112011','11:00:00',120,'2021-11-20',1,'0002','Hello Charlie'),('HelloCharlie0002121112111','11:00:00',120,'2021-11-21',1,'0002','Hello Charlie'),('HelloCharlie0002121112211','11:00:00',120,'2021-11-22',1,'0002','Hello Charlie'),('HelloCharlie0002121112311','11:00:00',120,'2021-11-23',1,'0002','Hello Charlie'),('HelloCharlie0002121112411','11:00:00',120,'2021-11-24',1,'0002','Hello Charlie'),('HelloCharlie0002121112511','11:00:00',120,'2021-11-25',1,'0002','Hello Charlie'),('HelloCharlie0002121112611','11:00:00',120,'2021-11-26',1,'0002','Hello Charlie'),('HelloCharlie0003121112020','20:00:00',120,'2021-11-20',1,'0003','Hello Charlie'),('HelloCharlie0003121112120','20:00:00',120,'2021-11-21',1,'0003','Hello Charlie'),('HelloCharlie0003121112220','20:00:00',120,'2021-11-22',1,'0003','Hello Charlie'),('HelloCharlie0003121112320','20:00:00',120,'2021-11-23',1,'0003','Hello Charlie'),('HelloCharlie0003121112420','20:00:00',120,'2021-11-24',1,'0003','Hello Charlie'),('HelloCharlie0003121112520','20:00:00',120,'2021-11-25',1,'0003','Hello Charlie'),('HelloCharlie0003121112620','20:00:00',120,'2021-11-26',1,'0003','Hello Charlie'),('HelloCharlie0003221112013','11:00:00',120,'2021-11-20',2,'0003','Hello Charlie'),('HelloCharlie0003221112113','11:00:00',120,'2021-11-21',2,'0003','Hello Charlie'),('HelloCharlie0003221112213','11:00:00',120,'2021-11-22',2,'0003','Hello Charlie'),('HelloCharlie0003221112313','11:00:00',120,'2021-11-23',2,'0003','Hello Charlie'),('HelloCharlie0003221112413','11:00:00',120,'2021-11-24',2,'0003','Hello Charlie'),('HelloCharlie0003221112513','11:00:00',120,'2021-11-25',2,'0003','Hello Charlie'),('HelloCharlie0003221112613','11:00:00',120,'2021-11-26',2,'0003','Hello Charlie'),('HelloCharlie0004121112011','11:00:00',120,'2021-11-20',1,'0004','Hello Charlie'),('HelloCharlie0004121112111','11:00:00',120,'2021-11-21',1,'0004','Hello Charlie'),('HelloCharlie0004121112211','11:00:00',120,'2021-11-22',1,'0004','Hello Charlie'),('HelloCharlie0004121112311','11:00:00',120,'2021-11-23',1,'0004','Hello Charlie'),('HelloCharlie0004121112411','11:00:00',120,'2021-11-24',1,'0004','Hello Charlie'),('HelloCharlie0004121112511','11:00:00',120,'2021-11-25',1,'0004','Hello Charlie'),('HelloCharlie0004121112611','11:00:00',120,'2021-11-26',1,'0004','Hello Charlie'),('HelloCharlie0005121112020','20:00:00',120,'2021-11-20',1,'0005','Hello Charlie'),('HelloCharlie0005121112120','20:00:00',120,'2021-11-21',1,'0005','Hello Charlie'),('HelloCharlie0005121112220','20:00:00',120,'2021-11-22',1,'0005','Hello Charlie'),('HelloCharlie0005121112320','20:00:00',120,'2021-11-23',1,'0005','Hello Charlie'),('HelloCharlie0005121112420','20:00:00',120,'2021-11-24',1,'0005','Hello Charlie'),('HelloCharlie0005121112520','20:00:00',120,'2021-11-25',1,'0005','Hello Charlie'),('HelloCharlie0005121112620','20:00:00',120,'2021-11-26',1,'0005','Hello Charlie'),('HelloCharlie0006221112019','19:00:00',120,'2021-11-20',2,'0006','Hello Charlie'),('HelloCharlie0006221112119','19:00:00',120,'2021-11-21',2,'0006','Hello Charlie'),('HelloCharlie0006221112219','19:00:00',120,'2021-11-22',2,'0006','Hello Charlie'),('HelloCharlie0006221112319','19:00:00',120,'2021-11-23',2,'0006','Hello Charlie'),('HelloCharlie0006221112419','19:00:00',120,'2021-11-24',2,'0006','Hello Charlie'),('HelloCharlie0006221112519','19:00:00',120,'2021-11-25',2,'0006','Hello Charlie'),('HelloCharlie0006221112619','19:00:00',120,'2021-11-26',2,'0006','Hello Charlie'),('HelloCharlie0007221112019','19:00:00',120,'2021-11-20',1,'0007','Hello Charlie'),('HelloCharlie0007221112119','19:00:00',120,'2021-11-21',1,'0007','Hello Charlie'),('HelloCharlie0007221112219','19:00:00',120,'2021-11-22',1,'0007','Hello Charlie'),('HelloCharlie0007221112319','19:00:00',120,'2021-11-23',1,'0007','Hello Charlie'),('HelloCharlie0007221112419','19:00:00',120,'2021-11-24',1,'0007','Hello Charlie'),('HelloCharlie0007221112519','19:00:00',120,'2021-11-25',1,'0007','Hello Charlie'),('HelloCharlie0007221112619','19:00:00',120,'2021-11-26',1,'0007','Hello Charlie'),('HelloCharlie0008221112119','19:00:00',120,'2021-11-21',2,'0008','Hello Charlie'),('HelloCharlie0008221112219','19:00:00',120,'2021-11-22',2,'0008','Hello Charlie'),('HelloCharlie0008221112419','19:00:00',120,'2021-11-24',2,'0008','Hello Charlie'),('HelloCharlie0008221112519','19:00:00',120,'2021-11-25',2,'0008','Hello Charlie'),('HelloCharlie0008221112619','19:00:00',120,'2021-11-26',2,'0008','Hello Charlie'),('HelloCharlie0008222112019','19:00:00',120,'2021-11-20',2,'0008','Hello Charlie'),('HelloCharlie0008222112319','19:00:00',120,'2021-11-23',2,'0008','Hello Charlie'),('Hungama20001221112013','11:00:00',120,'2021-11-20',2,'0001','Hungama 2'),('Hungama20001221112019','19:00:00',120,'2021-11-20',2,'0001','Hungama 2'),('Hungama20001221112113','11:00:00',120,'2021-11-21',2,'0001','Hungama 2'),('Hungama20001221112119','19:00:00',120,'2021-11-21',2,'0001','Hungama 2'),('Hungama20001221112213','11:00:00',120,'2021-11-22',2,'0001','Hungama 2'),('Hungama20001221112219','19:00:00',120,'2021-11-22',2,'0001','Hungama 2'),('Hungama20001221112313','11:00:00',120,'2021-11-23',2,'0001','Hungama 2'),('Hungama20001221112319','19:00:00',120,'2021-11-23',2,'0001','Hungama 2'),('Hungama20001221112413','11:00:00',120,'2021-11-24',2,'0001','Hungama 2'),('Hungama20001221112419','19:00:00',120,'2021-11-24',2,'0001','Hungama 2'),('Hungama20001221112513','11:00:00',120,'2021-11-25',2,'0001','Hungama 2'),('Hungama20001221112519','19:00:00',120,'2021-11-25',2,'0001','Hungama 2'),('Hungama20001221112613','11:00:00',120,'2021-11-26',2,'0001','Hungama 2'),('Hungama20001221112619','19:00:00',120,'2021-11-26',2,'0001','Hungama 2'),('Hungama20002121112011','11:00:00',120,'2021-11-20',1,'0002','Hungama 2'),('Hungama20002121112111','11:00:00',120,'2021-11-21',1,'0002','Hungama 2'),('Hungama20002121112211','11:00:00',120,'2021-11-22',1,'0002','Hungama 2'),('Hungama20002121112311','11:00:00',120,'2021-11-23',1,'0002','Hungama 2'),('Hungama20002121112411','11:00:00',120,'2021-11-24',1,'0002','Hungama 2'),('Hungama20002121112511','11:00:00',120,'2021-11-25',1,'0002','Hungama 2'),('Hungama20002121112611','11:00:00',120,'2021-11-26',1,'0002','Hungama 2'),('Hungama20003121112020','20:00:00',120,'2021-11-20',1,'0003','Hungama 2'),('Hungama20003121112120','20:00:00',120,'2021-11-21',1,'0003','Hungama 2'),('Hungama20003121112220','20:00:00',120,'2021-11-22',1,'0003','Hungama 2'),('Hungama20003121112320','20:00:00',120,'2021-11-23',1,'0003','Hungama 2'),('Hungama20003121112420','20:00:00',120,'2021-11-24',1,'0003','Hungama 2'),('Hungama20003121112520','20:00:00',120,'2021-11-25',1,'0003','Hungama 2'),('Hungama20003121112620','20:00:00',120,'2021-11-26',1,'0003','Hungama 2'),('Hungama20003221112013','11:00:00',120,'2021-11-20',2,'0003','Hungama 2'),('Hungama20003221112113','11:00:00',120,'2021-11-21',2,'0003','Hungama 2'),('Hungama20003221112213','11:00:00',120,'2021-11-22',2,'0003','Hungama 2'),('Hungama20003221112313','11:00:00',120,'2021-11-23',2,'0003','Hungama 2'),('Hungama20003221112413','11:00:00',120,'2021-11-24',2,'0003','Hungama 2'),('Hungama20003221112513','11:00:00',120,'2021-11-25',2,'0003','Hungama 2'),('Hungama20003221112613','11:00:00',120,'2021-11-26',2,'0003','Hungama 2'),('Hungama20004121112011','11:00:00',120,'2021-11-20',1,'0004','Hungama 2'),('Hungama20004121112111','11:00:00',120,'2021-11-21',1,'0004','Hungama 2'),('Hungama20004121112211','11:00:00',120,'2021-11-22',1,'0004','Hungama 2'),('Hungama20004121112311','11:00:00',120,'2021-11-23',1,'0004','Hungama 2'),('Hungama20004121112411','11:00:00',120,'2021-11-24',1,'0004','Hungama 2'),('Hungama20004121112511','11:00:00',120,'2021-11-25',1,'0004','Hungama 2'),('Hungama20004121112611','11:00:00',120,'2021-11-26',1,'0004','Hungama 2'),('Hungama20005121112020','20:00:00',120,'2021-11-20',1,'0005','Hungama 2'),('Hungama20005121112120','20:00:00',120,'2021-11-21',1,'0005','Hungama 2'),('Hungama20005121112220','20:00:00',120,'2021-11-22',1,'0005','Hungama 2'),('Hungama20005121112320','20:00:00',120,'2021-11-23',1,'0005','Hungama 2'),('Hungama20005121112420','20:00:00',120,'2021-11-24',1,'0005','Hungama 2'),('Hungama20005121112520','20:00:00',120,'2021-11-25',1,'0005','Hungama 2'),('Hungama20005121112620','20:00:00',120,'2021-11-26',1,'0005','Hungama 2'),('Hungama20006221112019','19:00:00',120,'2021-11-20',2,'0006','Hungama 2'),('Hungama20006221112119','19:00:00',120,'2021-11-21',2,'0006','Hungama 2'),('Hungama20006221112219','19:00:00',120,'2021-11-22',2,'0006','Hungama 2'),('Hungama20006221112319','19:00:00',120,'2021-11-23',2,'0006','Hungama 2'),('Hungama20006221112419','19:00:00',120,'2021-11-24',2,'0006','Hungama 2'),('Hungama20006221112519','19:00:00',120,'2021-11-25',2,'0006','Hungama 2'),('Hungama20006221112619','19:00:00',120,'2021-11-26',2,'0006','Hungama 2'),('Hungama20007221112019','19:00:00',120,'2021-11-20',1,'0007','Hungama 2'),('Hungama20007221112119','19:00:00',120,'2021-11-21',1,'0007','Hungama 2'),('Hungama20007221112219','19:00:00',120,'2021-11-22',1,'0007','Hungama 2'),('Hungama20007221112319','19:00:00',120,'2021-11-23',1,'0007','Hungama 2'),('Hungama20007221112419','19:00:00',120,'2021-11-24',1,'0007','Hungama 2'),('Hungama20007221112519','19:00:00',120,'2021-11-25',1,'0007','Hungama 2'),('Hungama20007221112619','19:00:00',120,'2021-11-26',1,'0007','Hungama 2'),('Hungama20008221112119','19:00:00',120,'2021-11-21',2,'0008','Hungama 2'),('Hungama20008221112219','19:00:00',120,'2021-11-22',2,'0008','Hungama 2'),('Hungama20008221112419','19:00:00',120,'2021-11-24',2,'0008','Hungama 2'),('Hungama20008221112519','19:00:00',120,'2021-11-25',2,'0008','Hungama 2'),('Hungama20008221112619','19:00:00',120,'2021-11-26',2,'0008','Hungama 2'),('Hungama20008222112019','19:00:00',120,'2021-11-20',2,'0008','Hungama 2'),('Hungama20008222112319','19:00:00',120,'2021-11-23',2,'0008','Hungama 2'),('IndooKiJawani0001221112013','11:00:00',120,'2021-11-20',2,'0001','Indoo ki Jawani'),('IndooKiJawani0001221112019','19:00:00',120,'2021-11-20',2,'0001','Indoo ki Jawani'),('IndooKiJawani0001221112113','11:00:00',120,'2021-11-21',2,'0001','Indoo ki Jawani'),('IndooKiJawani0001221112119','19:00:00',120,'2021-11-21',2,'0001','Indoo ki Jawani'),('IndooKiJawani0001221112213','11:00:00',120,'2021-11-22',2,'0001','Indoo ki Jawani'),('IndooKiJawani0001221112219','19:00:00',120,'2021-11-22',2,'0001','Indoo ki Jawani'),('IndooKiJawani0001221112313','11:00:00',120,'2021-11-23',2,'0001','Indoo ki Jawani'),('IndooKiJawani0001221112319','19:00:00',120,'2021-11-23',2,'0001','Indoo ki Jawani'),('IndooKiJawani0001221112413','11:00:00',120,'2021-11-24',2,'0001','Indoo ki Jawani'),('IndooKiJawani0001221112419','19:00:00',120,'2021-11-24',2,'0001','Indoo ki Jawani'),('IndooKiJawani0001221112513','11:00:00',120,'2021-11-25',2,'0001','Indoo ki Jawani'),('IndooKiJawani0001221112519','19:00:00',120,'2021-11-25',2,'0001','Indoo ki Jawani'),('IndooKiJawani0001221112613','11:00:00',120,'2021-11-26',2,'0001','Indoo ki Jawani'),('IndooKiJawani0001221112619','19:00:00',120,'2021-11-26',2,'0001','Indoo ki Jawani'),('IndooKiJawani0002121112011','11:00:00',120,'2021-11-20',1,'0002','Indoo ki Jawani'),('IndooKiJawani0002121112111','11:00:00',120,'2021-11-21',1,'0002','Indoo ki Jawani'),('IndooKiJawani0002121112211','11:00:00',120,'2021-11-22',1,'0002','Indoo ki Jawani'),('IndooKiJawani0002121112311','11:00:00',120,'2021-11-23',1,'0002','Indoo ki Jawani'),('IndooKiJawani0002121112411','11:00:00',120,'2021-11-24',1,'0002','Indoo ki Jawani'),('IndooKiJawani0002121112511','11:00:00',120,'2021-11-25',1,'0002','Indoo ki Jawani'),('IndooKiJawani0002121112611','11:00:00',120,'2021-11-26',1,'0002','Indoo ki Jawani'),('IndooKiJawani0003121112020','20:00:00',120,'2021-11-20',1,'0003','Indoo ki Jawani'),('IndooKiJawani0003121112120','20:00:00',120,'2021-11-21',1,'0003','Indoo ki Jawani'),('IndooKiJawani0003121112220','20:00:00',120,'2021-11-22',1,'0003','Indoo ki Jawani'),('IndooKiJawani0003121112320','20:00:00',120,'2021-11-23',1,'0003','Indoo ki Jawani'),('IndooKiJawani0003121112420','20:00:00',120,'2021-11-24',1,'0003','Indoo ki Jawani'),('IndooKiJawani0003121112520','20:00:00',120,'2021-11-25',1,'0003','Indoo ki Jawani'),('IndooKiJawani0003121112620','20:00:00',120,'2021-11-26',1,'0003','Indoo ki Jawani'),('IndooKiJawani0003221112013','11:00:00',120,'2021-11-20',2,'0003','Indoo ki Jawani'),('IndooKiJawani0003221112113','11:00:00',120,'2021-11-21',2,'0003','Indoo ki Jawani'),('IndooKiJawani0003221112213','11:00:00',120,'2021-11-22',2,'0003','Indoo ki Jawani'),('IndooKiJawani0003221112313','11:00:00',120,'2021-11-23',2,'0003','Indoo ki Jawani'),('IndooKiJawani0003221112413','11:00:00',120,'2021-11-24',2,'0003','Indoo ki Jawani'),('IndooKiJawani0003221112513','11:00:00',120,'2021-11-25',2,'0003','Indoo ki Jawani'),('IndooKiJawani0003221112613','11:00:00',120,'2021-11-26',2,'0003','Indoo ki Jawani'),('IndooKiJawani0004121112011','11:00:00',120,'2021-11-20',1,'0004','Indoo ki Jawani'),('IndooKiJawani0004121112111','11:00:00',120,'2021-11-21',1,'0004','Indoo ki Jawani'),('IndooKiJawani0004121112211','11:00:00',120,'2021-11-22',1,'0004','Indoo ki Jawani'),('IndooKiJawani0004121112311','11:00:00',120,'2021-11-23',1,'0004','Indoo ki Jawani'),('IndooKiJawani0004121112411','11:00:00',120,'2021-11-24',1,'0004','Indoo ki Jawani'),('IndooKiJawani0004121112511','11:00:00',120,'2021-11-25',1,'0004','Indoo ki Jawani'),('IndooKiJawani0004121112611','11:00:00',120,'2021-11-26',1,'0004','Indoo ki Jawani'),('IndooKiJawani0005121112020','20:00:00',120,'2021-11-20',1,'0005','Indoo ki Jawani'),('IndooKiJawani0005121112120','20:00:00',120,'2021-11-21',1,'0005','Indoo ki Jawani'),('IndooKiJawani0005121112220','20:00:00',120,'2021-11-22',1,'0005','Indoo ki Jawani'),('IndooKiJawani0005121112320','20:00:00',120,'2021-11-23',1,'0005','Indoo ki Jawani'),('IndooKiJawani0005121112420','20:00:00',120,'2021-11-24',1,'0005','Indoo ki Jawani'),('IndooKiJawani0005121112520','20:00:00',120,'2021-11-25',1,'0005','Indoo ki Jawani'),('IndooKiJawani0005121112620','20:00:00',120,'2021-11-26',1,'0005','Indoo ki Jawani'),('IndooKiJawani0006221112019','19:00:00',120,'2021-11-20',2,'0006','Indoo ki Jawani'),('IndooKiJawani0006221112119','19:00:00',120,'2021-11-21',2,'0006','Indoo ki Jawani'),('IndooKiJawani0006221112219','19:00:00',120,'2021-11-22',2,'0006','Indoo ki Jawani'),('IndooKiJawani0006221112319','19:00:00',120,'2021-11-23',2,'0006','Indoo ki Jawani'),('IndooKiJawani0006221112419','19:00:00',120,'2021-11-24',2,'0006','Indoo ki Jawani'),('IndooKiJawani0006221112519','19:00:00',120,'2021-11-25',2,'0006','Indoo ki Jawani'),('IndooKiJawani0006221112619','19:00:00',120,'2021-11-26',2,'0006','Indoo ki Jawani'),('IndooKiJawani0007221112019','19:00:00',120,'2021-11-20',1,'0007','Indoo ki Jawani'),('IndooKiJawani0007221112119','19:00:00',120,'2021-11-21',1,'0007','Indoo ki Jawani'),('IndooKiJawani0007221112219','19:00:00',120,'2021-11-22',1,'0007','Indoo ki Jawani'),('IndooKiJawani0007221112319','19:00:00',120,'2021-11-23',1,'0007','Indoo ki Jawani'),('IndooKiJawani0007221112419','19:00:00',120,'2021-11-24',1,'0007','Indoo ki Jawani'),('IndooKiJawani0007221112519','19:00:00',120,'2021-11-25',1,'0007','Indoo ki Jawani'),('IndooKiJawani0007221112619','19:00:00',120,'2021-11-26',1,'0007','Indoo ki Jawani'),('IndooKiJawani0008221112119','19:00:00',120,'2021-11-21',2,'0008','Indoo ki Jawani'),('IndooKiJawani0008221112219','19:00:00',120,'2021-11-22',2,'0008','Indoo ki Jawani'),('IndooKiJawani0008221112419','19:00:00',120,'2021-11-24',2,'0008','Indoo ki Jawani'),('IndooKiJawani0008221112519','19:00:00',120,'2021-11-25',2,'0008','Indoo ki Jawani'),('IndooKiJawani0008221112619','19:00:00',120,'2021-11-26',2,'0008','Indoo ki Jawani'),('IndooKiJawani0008222112019','19:00:00',120,'2021-11-20',2,'0008','Indoo ki Jawani'),('IndooKiJawani0008222112319','19:00:00',120,'2021-11-23',2,'0008','Indoo ki Jawani'),('Jagame0001221112013','11:00:00',120,'2021-11-20',2,'0001','Jagame'),('Jagame0001221112019','19:00:00',120,'2021-11-20',2,'0001','Jagame'),('Jagame0001221112113','11:00:00',120,'2021-11-21',2,'0001','Jagame'),('Jagame0001221112119','19:00:00',120,'2021-11-21',2,'0001','Jagame'),('Jagame0001221112213','11:00:00',120,'2021-11-22',2,'0001','Jagame'),('Jagame0001221112219','19:00:00',120,'2021-11-22',2,'0001','Jagame'),('Jagame0001221112313','11:00:00',120,'2021-11-23',2,'0001','Jagame'),('Jagame0001221112319','19:00:00',120,'2021-11-23',2,'0001','Jagame'),('Jagame0001221112413','11:00:00',120,'2021-11-24',2,'0001','Jagame'),('Jagame0001221112419','19:00:00',120,'2021-11-24',2,'0001','Jagame'),('Jagame0001221112513','11:00:00',120,'2021-11-25',2,'0001','Jagame'),('Jagame0001221112519','19:00:00',120,'2021-11-25',2,'0001','Jagame'),('Jagame0001221112613','11:00:00',120,'2021-11-26',2,'0001','Jagame'),('Jagame0001221112619','19:00:00',120,'2021-11-26',2,'0001','Jagame'),('Jagame0002121112011','11:00:00',120,'2021-11-20',1,'0002','Jagame'),('Jagame0002121112111','11:00:00',120,'2021-11-21',1,'0002','Jagame'),('Jagame0002121112211','11:00:00',120,'2021-11-22',1,'0002','Jagame'),('Jagame0002121112311','11:00:00',120,'2021-11-23',1,'0002','Jagame'),('Jagame0002121112411','11:00:00',120,'2021-11-24',1,'0002','Jagame'),('Jagame0002121112511','11:00:00',120,'2021-11-25',1,'0002','Jagame'),('Jagame0002121112611','11:00:00',120,'2021-11-26',1,'0002','Jagame'),('Jagame0003121112020','20:00:00',120,'2021-11-20',1,'0003','Jagame'),('Jagame0003121112120','20:00:00',120,'2021-11-21',1,'0003','Jagame'),('Jagame0003121112220','20:00:00',120,'2021-11-22',1,'0003','Jagame'),('Jagame0003121112320','20:00:00',120,'2021-11-23',1,'0003','Jagame'),('Jagame0003121112420','20:00:00',120,'2021-11-24',1,'0003','Jagame'),('Jagame0003121112520','20:00:00',120,'2021-11-25',1,'0003','Jagame'),('Jagame0003121112620','20:00:00',120,'2021-11-26',1,'0003','Jagame'),('Jagame0003221112013','11:00:00',120,'2021-11-20',2,'0003','Jagame'),('Jagame0003221112113','11:00:00',120,'2021-11-21',2,'0003','Jagame'),('Jagame0003221112213','11:00:00',120,'2021-11-22',2,'0003','Jagame'),('Jagame0003221112313','11:00:00',120,'2021-11-23',2,'0003','Jagame'),('Jagame0003221112413','11:00:00',120,'2021-11-24',2,'0003','Jagame'),('Jagame0003221112513','11:00:00',120,'2021-11-25',2,'0003','Jagame'),('Jagame0003221112613','11:00:00',120,'2021-11-26',2,'0003','Jagame'),('Jagame0004121112011','11:00:00',120,'2021-11-20',1,'0004','Jagame'),('Jagame0004121112111','11:00:00',120,'2021-11-21',1,'0004','Jagame'),('Jagame0004121112211','11:00:00',120,'2021-11-22',1,'0004','Jagame'),('Jagame0004121112311','11:00:00',120,'2021-11-23',1,'0004','Jagame'),('Jagame0004121112411','11:00:00',120,'2021-11-24',1,'0004','Jagame'),('Jagame0004121112511','11:00:00',120,'2021-11-25',1,'0004','Jagame'),('Jagame0004121112611','11:00:00',120,'2021-11-26',1,'0004','Jagame'),('Jagame0005121112020','20:00:00',120,'2021-11-20',1,'0005','Jagame'),('Jagame0005121112120','20:00:00',120,'2021-11-21',1,'0005','Jagame'),('Jagame0005121112220','20:00:00',120,'2021-11-22',1,'0005','Jagame'),('Jagame0005121112320','20:00:00',120,'2021-11-23',1,'0005','Jagame'),('Jagame0005121112420','20:00:00',120,'2021-11-24',1,'0005','Jagame'),('Jagame0005121112520','20:00:00',120,'2021-11-25',1,'0005','Jagame'),('Jagame0005121112620','20:00:00',120,'2021-11-26',1,'0005','Jagame'),('Jagame0006221112019','19:00:00',120,'2021-11-20',2,'0006','Jagame'),('Jagame0006221112119','19:00:00',120,'2021-11-21',2,'0006','Jagame'),('Jagame0006221112219','19:00:00',120,'2021-11-22',2,'0006','Jagame'),('Jagame0006221112319','19:00:00',120,'2021-11-23',2,'0006','Jagame'),('Jagame0006221112419','19:00:00',120,'2021-11-24',2,'0006','Jagame'),('Jagame0006221112519','19:00:00',120,'2021-11-25',2,'0006','Jagame'),('Jagame0006221112619','19:00:00',120,'2021-11-26',2,'0006','Jagame'),('Jagame0007221112019','19:00:00',120,'2021-11-20',1,'0007','Jagame'),('Jagame0007221112119','19:00:00',120,'2021-11-21',1,'0007','Jagame'),('Jagame0007221112219','19:00:00',120,'2021-11-22',1,'0007','Jagame'),('Jagame0007221112319','19:00:00',120,'2021-11-23',1,'0007','Jagame'),('Jagame0007221112419','19:00:00',120,'2021-11-24',1,'0007','Jagame'),('Jagame0007221112519','19:00:00',120,'2021-11-25',1,'0007','Jagame'),('Jagame0007221112619','19:00:00',120,'2021-11-26',1,'0007','Jagame'),('Jagame0008221112119','19:00:00',120,'2021-11-21',2,'0008','Jagame'),('Jagame0008221112219','19:00:00',120,'2021-11-22',2,'0008','Jagame'),('Jagame0008221112419','19:00:00',120,'2021-11-24',2,'0008','Jagame'),('Jagame0008221112519','19:00:00',120,'2021-11-25',2,'0008','Jagame'),('Jagame0008221112619','19:00:00',120,'2021-11-26',2,'0008','Jagame'),('Jagame0008222112019','19:00:00',120,'2021-11-20',2,'0008','Jagame'),('Jagame0008222112319','19:00:00',120,'2021-11-23',2,'0008','Jagame'),('Ludo0001221112013','11:00:00',120,'2021-11-20',2,'0001','Ludo'),('Ludo0001221112019','19:00:00',120,'2021-11-20',2,'0001','Ludo'),('Ludo0001221112113','11:00:00',120,'2021-11-21',2,'0001','Ludo'),('Ludo0001221112119','19:00:00',120,'2021-11-21',2,'0001','Ludo'),('Ludo0001221112213','11:00:00',120,'2021-11-22',2,'0001','Ludo'),('Ludo0001221112219','19:00:00',120,'2021-11-22',2,'0001','Ludo'),('Ludo0001221112313','11:00:00',120,'2021-11-23',2,'0001','Ludo'),('Ludo0001221112319','19:00:00',120,'2021-11-23',2,'0001','Ludo'),('Ludo0001221112413','11:00:00',120,'2021-11-24',2,'0001','Ludo'),('Ludo0001221112419','19:00:00',120,'2021-11-24',2,'0001','Ludo'),('Ludo0001221112513','11:00:00',120,'2021-11-25',2,'0001','Ludo'),('Ludo0001221112519','19:00:00',120,'2021-11-25',2,'0001','Ludo'),('Ludo0001221112613','11:00:00',120,'2021-11-26',2,'0001','Ludo'),('Ludo0001221112619','19:00:00',120,'2021-11-26',2,'0001','Ludo'),('Ludo0002121112011','11:00:00',120,'2021-11-20',1,'0002','Ludo'),('Ludo0002121112111','11:00:00',120,'2021-11-21',1,'0002','Ludo'),('Ludo0002121112211','11:00:00',120,'2021-11-22',1,'0002','Ludo'),('Ludo0002121112311','11:00:00',120,'2021-11-23',1,'0002','Ludo'),('Ludo0002121112411','11:00:00',120,'2021-11-24',1,'0002','Ludo'),('Ludo0002121112511','11:00:00',120,'2021-11-25',1,'0002','Ludo'),('Ludo0002121112611','11:00:00',120,'2021-11-26',1,'0002','Ludo'),('Ludo0003121112020','20:00:00',120,'2021-11-20',1,'0003','Ludo'),('Ludo0003121112120','20:00:00',120,'2021-11-21',1,'0003','Ludo'),('Ludo0003121112220','20:00:00',120,'2021-11-22',1,'0003','Ludo'),('Ludo0003121112320','20:00:00',120,'2021-11-23',1,'0003','Ludo'),('Ludo0003121112420','20:00:00',120,'2021-11-24',1,'0003','Ludo'),('Ludo0003121112520','20:00:00',120,'2021-11-25',1,'0003','Ludo'),('Ludo0003121112620','20:00:00',120,'2021-11-26',1,'0003','Ludo'),('Ludo0003221112013','11:00:00',120,'2021-11-20',2,'0003','Ludo'),('Ludo0003221112113','11:00:00',120,'2021-11-21',2,'0003','Ludo'),('Ludo0003221112213','11:00:00',120,'2021-11-22',2,'0003','Ludo'),('Ludo0003221112313','11:00:00',120,'2021-11-23',2,'0003','Ludo'),('Ludo0003221112413','11:00:00',120,'2021-11-24',2,'0003','Ludo'),('Ludo0003221112513','11:00:00',120,'2021-11-25',2,'0003','Ludo'),('Ludo0003221112613','11:00:00',120,'2021-11-26',2,'0003','Ludo'),('Ludo0004121112011','11:00:00',120,'2021-11-20',1,'0004','Ludo'),('Ludo0004121112111','11:00:00',120,'2021-11-21',1,'0004','Ludo'),('Ludo0004121112211','11:00:00',120,'2021-11-22',1,'0004','Ludo'),('Ludo0004121112311','11:00:00',120,'2021-11-23',1,'0004','Ludo'),('Ludo0004121112411','11:00:00',120,'2021-11-24',1,'0004','Ludo'),('Ludo0004121112511','11:00:00',120,'2021-11-25',1,'0004','Ludo'),('Ludo0004121112611','11:00:00',120,'2021-11-26',1,'0004','Ludo'),('Ludo0005121112020','20:00:00',120,'2021-11-20',1,'0005','Ludo'),('Ludo0005121112120','20:00:00',120,'2021-11-21',1,'0005','Ludo'),('Ludo0005121112220','20:00:00',120,'2021-11-22',1,'0005','Ludo'),('Ludo0005121112320','20:00:00',120,'2021-11-23',1,'0005','Ludo'),('Ludo0005121112420','20:00:00',120,'2021-11-24',1,'0005','Ludo'),('Ludo0005121112520','20:00:00',120,'2021-11-25',1,'0005','Ludo'),('Ludo0005121112620','20:00:00',120,'2021-11-26',1,'0005','Ludo'),('Ludo0006221112019','19:00:00',120,'2021-11-20',2,'0006','Ludo'),('Ludo0006221112119','19:00:00',120,'2021-11-21',2,'0006','Ludo'),('Ludo0006221112219','19:00:00',120,'2021-11-22',2,'0006','Ludo'),('Ludo0006221112319','19:00:00',120,'2021-11-23',2,'0006','Ludo'),('Ludo0006221112419','19:00:00',120,'2021-11-24',2,'0006','Ludo'),('Ludo0006221112519','19:00:00',120,'2021-11-25',2,'0006','Ludo'),('Ludo0006221112619','19:00:00',120,'2021-11-26',2,'0006','Ludo'),('Ludo0007221112019','19:00:00',120,'2021-11-20',1,'0007','Ludo'),('Ludo0007221112119','19:00:00',120,'2021-11-21',1,'0007','Ludo'),('Ludo0007221112219','19:00:00',120,'2021-11-22',1,'0007','Ludo'),('Ludo0007221112319','19:00:00',120,'2021-11-23',1,'0007','Ludo'),('Ludo0007221112419','19:00:00',120,'2021-11-24',1,'0007','Ludo'),('Ludo0007221112519','19:00:00',120,'2021-11-25',1,'0007','Ludo'),('Ludo0007221112619','19:00:00',120,'2021-11-26',1,'0007','Ludo'),('Ludo0008221112119','19:00:00',120,'2021-11-21',2,'0008','Ludo'),('Ludo0008221112219','19:00:00',120,'2021-11-22',2,'0008','Ludo'),('Ludo0008221112419','19:00:00',120,'2021-11-24',2,'0008','Ludo'),('Ludo0008221112519','19:00:00',120,'2021-11-25',2,'0008','Ludo'),('Ludo0008221112619','19:00:00',120,'2021-11-26',2,'0008','Ludo'),('Ludo0008222112019','19:00:00',120,'2021-11-20',2,'0008','Ludo'),('Ludo0008222112319','19:00:00',120,'2021-11-23',2,'0008','Ludo'),('Mimi0001121110513','13:00:00',120,'2021-11-05',1,'0001','Mimi'),('Mimi0001221112013','11:00:00',120,'2021-11-20',2,'0001','Mimi'),('Mimi0001221112019','19:00:00',120,'2021-11-20',2,'0001','Mimi'),('Mimi0001221112113','11:00:00',120,'2021-11-21',2,'0001','Mimi'),('Mimi0001221112119','19:00:00',120,'2021-11-21',2,'0001','Mimi'),('Mimi0001221112315','15:00:00',120,'2021-11-23',2,'0001','Mimi'),('Mimi0001221112413','11:00:00',120,'2021-11-24',2,'0001','Mimi'),('Mimi0001221112419','19:00:00',120,'2021-11-24',2,'0001','Mimi'),('Mimi0001221112513','11:00:00',120,'2021-11-25',2,'0001','Mimi'),('Mimi0001221112519','19:00:00',120,'2021-11-25',2,'0001','Mimi'),('Mimi0001221112613','11:00:00',120,'2021-11-26',2,'0001','Mimi'),('Mimi0001221112619','19:00:00',120,'2021-11-26',2,'0001','Mimi'),('Mimi0002121112011','11:00:00',120,'2021-11-20',1,'0002','Mimi'),('Mimi0002121112111','11:00:00',120,'2021-11-21',1,'0002','Mimi'),('Mimi0002121112213','13:00:00',120,'2021-11-21',1,'0002','Mimi'),('Mimi0002121112317','17:00:00',120,'2021-11-23',1,'0002','Mimi'),('Mimi0002121112411','11:00:00',120,'2021-11-24',1,'0002','Mimi'),('Mimi0002121112511','11:00:00',120,'2021-11-25',1,'0002','Mimi'),('Mimi0002121112611','11:00:00',120,'2021-11-26',1,'0002','Mimi'),('Mimi0002221112313','13:00:00',120,'2021-11-23',2,'0002','Mimi'),('Mimi0003121112020','20:00:00',120,'2021-11-20',1,'0003','Mimi'),('Mimi0003121112120','20:00:00',120,'2021-11-21',1,'0003','Mimi'),('Mimi0003121112420','20:00:00',120,'2021-11-24',1,'0003','Mimi'),('Mimi0003121112520','20:00:00',120,'2021-11-25',1,'0003','Mimi'),('Mimi0003121112620','20:00:00',120,'2021-11-26',1,'0003','Mimi'),('Mimi0003221112013','11:00:00',120,'2021-11-20',2,'0003','Mimi'),('Mimi0003221112113','11:00:00',120,'2021-11-21',2,'0003','Mimi'),('Mimi0003221112313','11:00:00',120,'2021-11-23',2,'0003','Mimi'),('Mimi0003221112413','11:00:00',120,'2021-11-24',2,'0003','Mimi'),('Mimi0003221112513','11:00:00',120,'2021-11-25',2,'0003','Mimi'),('Mimi0003221112613','11:00:00',120,'2021-11-26',2,'0003','Mimi'),('Mimi0004121112011','11:00:00',120,'2021-11-20',1,'0004','Mimi'),('Mimi0004121112111','11:00:00',120,'2021-11-21',1,'0004','Mimi'),('Mimi0004121112311','11:00:00',120,'2021-11-23',1,'0004','Mimi'),('Mimi0004121112411','11:00:00',120,'2021-11-24',1,'0004','Mimi'),('Mimi0004121112511','11:00:00',120,'2021-11-25',1,'0004','Mimi'),('Mimi0004121112611','11:00:00',120,'2021-11-26',1,'0004','Mimi'),('Mimi0005121112020','20:00:00',120,'2021-11-20',1,'0005','Mimi'),('Mimi0005121112120','20:00:00',120,'2021-11-21',1,'0005','Mimi'),('Mimi0005121112320','20:00:00',120,'2021-11-23',1,'0005','Mimi'),('Mimi0005121112420','20:00:00',120,'2021-11-24',1,'0005','Mimi'),('Mimi0005121112520','20:00:00',120,'2021-11-25',1,'0005','Mimi'),('Mimi0005121112620','20:00:00',120,'2021-11-26',1,'0005','Mimi'),('Mimi0006221112019','19:00:00',120,'2021-11-20',2,'0006','Mimi'),('Mimi0006221112119','19:00:00',120,'2021-11-21',2,'0006','Mimi'),('Mimi0006221112319','19:00:00',120,'2021-11-23',2,'0006','Mimi'),('Mimi0006221112419','19:00:00',120,'2021-11-24',2,'0006','Mimi'),('Mimi0006221112519','19:00:00',120,'2021-11-25',2,'0006','Mimi'),('Mimi0006221112619','19:00:00',120,'2021-11-26',2,'0006','Mimi'),('Mimi0007221112019','19:00:00',120,'2021-11-20',1,'0007','Mimi'),('Mimi0007221112119','19:00:00',120,'2021-11-21',1,'0007','Mimi'),('Mimi0007221112419','19:00:00',120,'2021-11-24',1,'0007','Mimi'),('Mimi0007221112519','19:00:00',120,'2021-11-25',1,'0007','Mimi'),('Mimi0007221112619','19:00:00',120,'2021-11-26',1,'0007','Mimi'),('Mimi0008221112119','19:00:00',120,'2021-11-21',2,'0008','Mimi'),('Mimi0008221112419','19:00:00',120,'2021-11-24',2,'0008','Mimi'),('Mimi0008221112519','19:00:00',120,'2021-11-25',2,'0008','Mimi'),('Mimi0008221112619','19:00:00',120,'2021-11-26',2,'0008','Mimi'),('Mimi0008222112019','19:00:00',120,'2021-11-20',2,'0008','Mimi'),('MumbaiSaga90001221112013','11:00:00',120,'2021-11-20',2,'0001','Mumbai Saga'),('MumbaiSaga90001221112019','19:00:00',120,'2021-11-20',2,'0001','Mumbai Saga'),('MumbaiSaga90001221112113','11:00:00',120,'2021-11-21',2,'0001','Mumbai Saga'),('MumbaiSaga90001221112119','19:00:00',120,'2021-11-21',2,'0001','Mumbai Saga'),('MumbaiSaga90001221112213','11:00:00',120,'2021-11-22',2,'0001','Mumbai Saga'),('MumbaiSaga90001221112219','19:00:00',120,'2021-11-22',2,'0001','Mumbai Saga'),('MumbaiSaga90001221112313','11:00:00',120,'2021-11-23',2,'0001','Mumbai Saga'),('MumbaiSaga90001221112319','19:00:00',120,'2021-11-23',2,'0001','Mumbai Saga'),('MumbaiSaga90001221112413','11:00:00',120,'2021-11-24',2,'0001','Mumbai Saga'),('MumbaiSaga90001221112419','19:00:00',120,'2021-11-24',2,'0001','Mumbai Saga'),('MumbaiSaga90001221112513','11:00:00',120,'2021-11-25',2,'0001','Mumbai Saga'),('MumbaiSaga90001221112519','19:00:00',120,'2021-11-25',2,'0001','Mumbai Saga'),('MumbaiSaga90001221112613','11:00:00',120,'2021-11-26',2,'0001','Mumbai Saga'),('MumbaiSaga90001221112619','19:00:00',120,'2021-11-26',2,'0001','Mumbai Saga'),('MumbaiSaga90002121112011','11:00:00',120,'2021-11-20',1,'0002','Mumbai Saga'),('MumbaiSaga90002121112111','11:00:00',120,'2021-11-21',1,'0002','Mumbai Saga'),('MumbaiSaga90002121112211','11:00:00',120,'2021-11-22',1,'0002','Mumbai Saga'),('MumbaiSaga90002121112311','11:00:00',120,'2021-11-23',1,'0002','Mumbai Saga'),('MumbaiSaga90002121112411','11:00:00',120,'2021-11-24',1,'0002','Mumbai Saga'),('MumbaiSaga90002121112511','11:00:00',120,'2021-11-25',1,'0002','Mumbai Saga'),('MumbaiSaga90002121112611','11:00:00',120,'2021-11-26',1,'0002','Mumbai Saga'),('MumbaiSaga90003121112020','20:00:00',120,'2021-11-20',1,'0003','Mumbai Saga'),('MumbaiSaga90003121112120','20:00:00',120,'2021-11-21',1,'0003','Mumbai Saga'),('MumbaiSaga90003121112220','20:00:00',120,'2021-11-22',1,'0003','Mumbai Saga'),('MumbaiSaga90003121112320','20:00:00',120,'2021-11-23',1,'0003','Mumbai Saga'),('MumbaiSaga90003121112420','20:00:00',120,'2021-11-24',1,'0003','Mumbai Saga'),('MumbaiSaga90003121112520','20:00:00',120,'2021-11-25',1,'0003','Mumbai Saga'),('MumbaiSaga90003121112620','20:00:00',120,'2021-11-26',1,'0003','Mumbai Saga'),('MumbaiSaga90003221112013','11:00:00',120,'2021-11-20',2,'0003','Mumbai Saga'),('MumbaiSaga90003221112113','11:00:00',120,'2021-11-21',2,'0003','Mumbai Saga'),('MumbaiSaga90003221112213','11:00:00',120,'2021-11-22',2,'0003','Mumbai Saga'),('MumbaiSaga90003221112313','11:00:00',120,'2021-11-23',2,'0003','Mumbai Saga'),('MumbaiSaga90003221112413','11:00:00',120,'2021-11-24',2,'0003','Mumbai Saga'),('MumbaiSaga90003221112513','11:00:00',120,'2021-11-25',2,'0003','Mumbai Saga'),('MumbaiSaga90003221112613','11:00:00',120,'2021-11-26',2,'0003','Mumbai Saga'),('MumbaiSaga90004121112011','11:00:00',120,'2021-11-20',1,'0004','Mumbai Saga'),('MumbaiSaga90004121112111','11:00:00',120,'2021-11-21',1,'0004','Mumbai Saga'),('MumbaiSaga90004121112211','11:00:00',120,'2021-11-22',1,'0004','Mumbai Saga'),('MumbaiSaga90004121112311','11:00:00',120,'2021-11-23',1,'0004','Mumbai Saga'),('MumbaiSaga90004121112411','11:00:00',120,'2021-11-24',1,'0004','Mumbai Saga'),('MumbaiSaga90004121112511','11:00:00',120,'2021-11-25',1,'0004','Mumbai Saga'),('MumbaiSaga90004121112611','11:00:00',120,'2021-11-26',1,'0004','Mumbai Saga'),('MumbaiSaga90005121112020','20:00:00',120,'2021-11-20',1,'0005','Mumbai Saga'),('MumbaiSaga90005121112120','20:00:00',120,'2021-11-21',1,'0005','Mumbai Saga'),('MumbaiSaga90005121112220','20:00:00',120,'2021-11-22',1,'0005','Mumbai Saga'),('MumbaiSaga90005121112320','20:00:00',120,'2021-11-23',1,'0005','Mumbai Saga'),('MumbaiSaga90005121112420','20:00:00',120,'2021-11-24',1,'0005','Mumbai Saga'),('MumbaiSaga90005121112520','20:00:00',120,'2021-11-25',1,'0005','Mumbai Saga'),('MumbaiSaga90005121112620','20:00:00',120,'2021-11-26',1,'0005','Mumbai Saga'),('MumbaiSaga90006221112019','19:00:00',120,'2021-11-20',2,'0006','Mumbai Saga'),('MumbaiSaga90006221112119','19:00:00',120,'2021-11-21',2,'0006','Mumbai Saga'),('MumbaiSaga90006221112219','19:00:00',120,'2021-11-22',2,'0006','Mumbai Saga'),('MumbaiSaga90006221112319','19:00:00',120,'2021-11-23',2,'0006','Mumbai Saga'),('MumbaiSaga90006221112419','19:00:00',120,'2021-11-24',2,'0006','Mumbai Saga'),('MumbaiSaga90006221112519','19:00:00',120,'2021-11-25',2,'0006','Mumbai Saga'),('MumbaiSaga90006221112619','19:00:00',120,'2021-11-26',2,'0006','Mumbai Saga'),('MumbaiSaga90007221112019','19:00:00',120,'2021-11-20',1,'0007','Mumbai Saga'),('MumbaiSaga90007221112119','19:00:00',120,'2021-11-21',1,'0007','Mumbai Saga'),('MumbaiSaga90007221112219','19:00:00',120,'2021-11-22',1,'0007','Mumbai Saga'),('MumbaiSaga90007221112319','19:00:00',120,'2021-11-23',1,'0007','Mumbai Saga'),('MumbaiSaga90007221112419','19:00:00',120,'2021-11-24',1,'0007','Mumbai Saga'),('MumbaiSaga90007221112519','19:00:00',120,'2021-11-25',1,'0007','Mumbai Saga'),('MumbaiSaga90007221112619','19:00:00',120,'2021-11-26',1,'0007','Mumbai Saga'),('MumbaiSaga90008221112119','19:00:00',120,'2021-11-21',2,'0008','Mumbai Saga'),('MumbaiSaga90008221112219','19:00:00',120,'2021-11-22',2,'0008','Mumbai Saga'),('MumbaiSaga90008221112419','19:00:00',120,'2021-11-24',2,'0008','Mumbai Saga'),('MumbaiSaga90008221112519','19:00:00',120,'2021-11-25',2,'0008','Mumbai Saga'),('MumbaiSaga90008221112619','19:00:00',120,'2021-11-26',2,'0008','Mumbai Saga'),('MumbaiSaga90008222112019','19:00:00',120,'2021-11-20',2,'0008','Mumbai Saga'),('MumbaiSaga90008222112319','19:00:00',120,'2021-11-23',2,'0008','Mumbai Saga'),('Radhe0001221112013','11:00:00',120,'2021-11-20',2,'0001','Radhe'),('Radhe0001221112019','19:00:00',120,'2021-11-20',2,'0001','Radhe'),('Radhe0001221112113','11:00:00',120,'2021-11-21',2,'0001','Radhe'),('Radhe0001221112119','19:00:00',120,'2021-11-21',2,'0001','Radhe'),('Radhe0001221112213','11:00:00',120,'2021-11-22',2,'0001','Radhe'),('Radhe0001221112219','19:00:00',120,'2021-11-22',2,'0001','Radhe'),('Radhe0001221112313','11:00:00',120,'2021-11-23',2,'0001','Radhe'),('Radhe0001221112319','19:00:00',120,'2021-11-23',2,'0001','Radhe'),('Radhe0001221112413','11:00:00',120,'2021-11-24',2,'0001','Radhe'),('Radhe0001221112419','19:00:00',120,'2021-11-24',2,'0001','Radhe'),('Radhe0001221112513','11:00:00',120,'2021-11-25',2,'0001','Radhe'),('Radhe0001221112519','19:00:00',120,'2021-11-25',2,'0001','Radhe'),('Radhe0001221112613','11:00:00',120,'2021-11-26',2,'0001','Radhe'),('Radhe0001221112619','19:00:00',120,'2021-11-26',2,'0001','Radhe'),('Radhe0002121112011','11:00:00',120,'2021-11-20',1,'0002','Radhe'),('Radhe0002121112111','11:00:00',120,'2021-11-21',1,'0002','Radhe'),('Radhe0002121112211','11:00:00',120,'2021-11-22',1,'0002','Radhe'),('Radhe0002121112311','11:00:00',120,'2021-11-23',1,'0002','Radhe'),('Radhe0002121112411','11:00:00',120,'2021-11-24',1,'0002','Radhe'),('Radhe0002121112511','11:00:00',120,'2021-11-25',1,'0002','Radhe'),('Radhe0002121112611','11:00:00',120,'2021-11-26',1,'0002','Radhe'),('Radhe0003121112020','20:00:00',120,'2021-11-20',1,'0003','Radhe'),('Radhe0003121112120','20:00:00',120,'2021-11-21',1,'0003','Radhe'),('Radhe0003121112220','20:00:00',120,'2021-11-22',1,'0003','Radhe'),('Radhe0003121112320','20:00:00',120,'2021-11-23',1,'0003','Radhe'),('Radhe0003121112420','20:00:00',120,'2021-11-24',1,'0003','Radhe'),('Radhe0003121112520','20:00:00',120,'2021-11-25',1,'0003','Radhe'),('Radhe0003121112620','20:00:00',120,'2021-11-26',1,'0003','Radhe'),('Radhe0003221112013','11:00:00',120,'2021-11-20',2,'0003','Radhe'),('Radhe0003221112113','11:00:00',120,'2021-11-21',2,'0003','Radhe'),('Radhe0003221112213','11:00:00',120,'2021-11-22',2,'0003','Radhe'),('Radhe0003221112313','11:00:00',120,'2021-11-23',2,'0003','Radhe'),('Radhe0003221112413','11:00:00',120,'2021-11-24',2,'0003','Radhe'),('Radhe0003221112513','11:00:00',120,'2021-11-25',2,'0003','Radhe'),('Radhe0003221112613','11:00:00',120,'2021-11-26',2,'0003','Radhe'),('Radhe0004121112011','11:00:00',120,'2021-11-20',1,'0004','Radhe'),('Radhe0004121112111','11:00:00',120,'2021-11-21',1,'0004','Radhe'),('Radhe0004121112211','11:00:00',120,'2021-11-22',1,'0004','Radhe'),('Radhe0004121112311','11:00:00',120,'2021-11-23',1,'0004','Radhe'),('Radhe0004121112411','11:00:00',120,'2021-11-24',1,'0004','Radhe'),('Radhe0004121112511','11:00:00',120,'2021-11-25',1,'0004','Radhe'),('Radhe0004121112611','11:00:00',120,'2021-11-26',1,'0004','Radhe'),('Radhe0005121112020','20:00:00',120,'2021-11-20',1,'0005','Radhe'),('Radhe0005121112120','20:00:00',120,'2021-11-21',1,'0005','Radhe'),('Radhe0005121112220','20:00:00',120,'2021-11-22',1,'0005','Radhe'),('Radhe0005121112320','20:00:00',120,'2021-11-23',1,'0005','Radhe'),('Radhe0005121112420','20:00:00',120,'2021-11-24',1,'0005','Radhe'),('Radhe0005121112520','20:00:00',120,'2021-11-25',1,'0005','Radhe'),('Radhe0005121112620','20:00:00',120,'2021-11-26',1,'0005','Radhe'),('Radhe0006221112019','19:00:00',120,'2021-11-20',2,'0006','Radhe'),('Radhe0006221112119','19:00:00',120,'2021-11-21',2,'0006','Radhe'),('Radhe0006221112219','19:00:00',120,'2021-11-22',2,'0006','Radhe'),('Radhe0006221112319','19:00:00',120,'2021-11-23',2,'0006','Radhe'),('Radhe0006221112419','19:00:00',120,'2021-11-24',2,'0006','Radhe'),('Radhe0006221112519','19:00:00',120,'2021-11-25',2,'0006','Radhe'),('Radhe0006221112619','19:00:00',120,'2021-11-26',2,'0006','Radhe'),('Radhe0007221112019','19:00:00',120,'2021-11-20',1,'0007','Radhe'),('Radhe0007221112119','19:00:00',120,'2021-11-21',1,'0007','Radhe'),('Radhe0007221112219','19:00:00',120,'2021-11-22',1,'0007','Radhe'),('Radhe0007221112319','19:00:00',120,'2021-11-23',1,'0007','Radhe'),('Radhe0007221112419','19:00:00',120,'2021-11-24',1,'0007','Radhe'),('Radhe0007221112519','19:00:00',120,'2021-11-25',1,'0007','Radhe'),('Radhe0007221112619','19:00:00',120,'2021-11-26',1,'0007','Radhe'),('Radhe0008221112119','19:00:00',120,'2021-11-21',2,'0008','Radhe'),('Radhe0008221112219','19:00:00',120,'2021-11-22',2,'0008','Radhe'),('Radhe0008221112419','19:00:00',120,'2021-11-24',2,'0008','Radhe'),('Radhe0008221112519','19:00:00',120,'2021-11-25',2,'0008','Radhe'),('Radhe0008221112619','19:00:00',120,'2021-11-26',2,'0008','Radhe'),('Radhe0008222112019','19:00:00',120,'2021-11-20',2,'0008','Radhe'),('Radhe0008222112319','19:00:00',120,'2021-11-23',2,'0008','Radhe'),('Reminiscene0001221112013','11:00:00',120,'2021-11-20',2,'0001','Reminiscene'),('Reminiscene0001221112019','19:00:00',120,'2021-11-20',2,'0001','Reminiscene'),('Reminiscene0001221112113','11:00:00',120,'2021-11-21',2,'0001','Reminiscene'),('Reminiscene0001221112119','19:00:00',120,'2021-11-21',2,'0001','Reminiscene'),('Reminiscene0001221112213','11:00:00',120,'2021-11-22',2,'0001','Reminiscene'),('Reminiscene0001221112219','19:00:00',120,'2021-11-22',2,'0001','Reminiscene'),('Reminiscene0001221112313','11:00:00',120,'2021-11-23',2,'0001','Reminiscene'),('Reminiscene0001221112319','19:00:00',120,'2021-11-23',2,'0001','Reminiscene'),('Reminiscene0001221112413','11:00:00',120,'2021-11-24',2,'0001','Reminiscene'),('Reminiscene0001221112419','19:00:00',120,'2021-11-24',2,'0001','Reminiscene'),('Reminiscene0001221112513','11:00:00',120,'2021-11-25',2,'0001','Reminiscene'),('Reminiscene0001221112519','19:00:00',120,'2021-11-25',2,'0001','Reminiscene'),('Reminiscene0001221112613','11:00:00',120,'2021-11-26',2,'0001','Reminiscene'),('Reminiscene0001221112619','19:00:00',120,'2021-11-26',2,'0001','Reminiscene'),('Reminiscene0002121112011','11:00:00',120,'2021-11-20',1,'0002','Reminiscene'),('Reminiscene0002121112111','11:00:00',120,'2021-11-21',1,'0002','Reminiscene'),('Reminiscene0002121112211','11:00:00',120,'2021-11-22',1,'0002','Reminiscene'),('Reminiscene0002121112311','11:00:00',120,'2021-11-23',1,'0002','Reminiscene'),('Reminiscene0002121112411','11:00:00',120,'2021-11-24',1,'0002','Reminiscene'),('Reminiscene0002121112511','11:00:00',120,'2021-11-25',1,'0002','Reminiscene'),('Reminiscene0002121112611','11:00:00',120,'2021-11-26',1,'0002','Reminiscene'),('Reminiscene0003121112020','20:00:00',120,'2021-11-20',1,'0003','Reminiscene'),('Reminiscene0003121112120','20:00:00',120,'2021-11-21',1,'0003','Reminiscene'),('Reminiscene0003121112220','20:00:00',120,'2021-11-22',1,'0003','Reminiscene'),('Reminiscene0003121112320','20:00:00',120,'2021-11-23',1,'0003','Reminiscene'),('Reminiscene0003121112420','20:00:00',120,'2021-11-24',1,'0003','Reminiscene'),('Reminiscene0003121112520','20:00:00',120,'2021-11-25',1,'0003','Reminiscene'),('Reminiscene0003121112620','20:00:00',120,'2021-11-26',1,'0003','Reminiscene'),('Reminiscene0003221112013','11:00:00',120,'2021-11-20',2,'0003','Reminiscene'),('Reminiscene0003221112113','11:00:00',120,'2021-11-21',2,'0003','Reminiscene'),('Reminiscene0003221112213','11:00:00',120,'2021-11-22',2,'0003','Reminiscene'),('Reminiscene0003221112313','11:00:00',120,'2021-11-23',2,'0003','Reminiscene'),('Reminiscene0003221112413','11:00:00',120,'2021-11-24',2,'0003','Reminiscene'),('Reminiscene0003221112513','11:00:00',120,'2021-11-25',2,'0003','Reminiscene'),('Reminiscene0003221112613','11:00:00',120,'2021-11-26',2,'0003','Reminiscene'),('Reminiscene0004121112011','11:00:00',120,'2021-11-20',1,'0004','Reminiscene'),('Reminiscene0004121112111','11:00:00',120,'2021-11-21',1,'0004','Reminiscene'),('Reminiscene0004121112211','11:00:00',120,'2021-11-22',1,'0004','Reminiscene'),('Reminiscene0004121112311','11:00:00',120,'2021-11-23',1,'0004','Reminiscene'),('Reminiscene0004121112411','11:00:00',120,'2021-11-24',1,'0004','Reminiscene'),('Reminiscene0004121112511','11:00:00',120,'2021-11-25',1,'0004','Reminiscene'),('Reminiscene0004121112611','11:00:00',120,'2021-11-26',1,'0004','Reminiscene'),('Reminiscene0005121112020','20:00:00',120,'2021-11-20',1,'0005','Reminiscene'),('Reminiscene0005121112120','20:00:00',120,'2021-11-21',1,'0005','Reminiscene'),('Reminiscene0005121112220','20:00:00',120,'2021-11-22',1,'0005','Reminiscene'),('Reminiscene0005121112320','20:00:00',120,'2021-11-23',1,'0005','Reminiscene'),('Reminiscene0005121112420','20:00:00',120,'2021-11-24',1,'0005','Reminiscene'),('Reminiscene0005121112520','20:00:00',120,'2021-11-25',1,'0005','Reminiscene'),('Reminiscene0005121112620','20:00:00',120,'2021-11-26',1,'0005','Reminiscene'),('Reminiscene0006221112019','19:00:00',120,'2021-11-20',2,'0006','Reminiscene'),('Reminiscene0006221112119','19:00:00',120,'2021-11-21',2,'0006','Reminiscene'),('Reminiscene0006221112219','19:00:00',120,'2021-11-22',2,'0006','Reminiscene'),('Reminiscene0006221112319','19:00:00',120,'2021-11-23',2,'0006','Reminiscene'),('Reminiscene0006221112419','19:00:00',120,'2021-11-24',2,'0006','Reminiscene'),('Reminiscene0006221112519','19:00:00',120,'2021-11-25',2,'0006','Reminiscene'),('Reminiscene0006221112619','19:00:00',120,'2021-11-26',2,'0006','Reminiscene'),('Reminiscene0007221112019','19:00:00',120,'2021-11-20',1,'0007','Reminiscene'),('Reminiscene0007221112119','19:00:00',120,'2021-11-21',1,'0007','Reminiscene'),('Reminiscene0007221112219','19:00:00',120,'2021-11-22',1,'0007','Reminiscene'),('Reminiscene0007221112319','19:00:00',120,'2021-11-23',1,'0007','Reminiscene'),('Reminiscene0007221112419','19:00:00',120,'2021-11-24',1,'0007','Reminiscene'),('Reminiscene0007221112519','19:00:00',120,'2021-11-25',1,'0007','Reminiscene'),('Reminiscene0007221112619','19:00:00',120,'2021-11-26',1,'0007','Reminiscene'),('Reminiscene0008221112119','19:00:00',120,'2021-11-21',2,'0008','Reminiscene'),('Reminiscene0008221112219','19:00:00',120,'2021-11-22',2,'0008','Reminiscene'),('Reminiscene0008221112419','19:00:00',120,'2021-11-24',2,'0008','Reminiscene'),('Reminiscene0008221112519','19:00:00',120,'2021-11-25',2,'0008','Reminiscene'),('Reminiscene0008221112619','19:00:00',120,'2021-11-26',2,'0008','Reminiscene'),('Reminiscene0008222112019','19:00:00',120,'2021-11-20',2,'0008','Reminiscene'),('Reminiscene0008222112319','19:00:00',120,'2021-11-23',2,'0008','Reminiscene'),('Roohi20001221112013','11:00:00',120,'2021-11-20',2,'0001','Roohi'),('Roohi20001221112019','19:00:00',120,'2021-11-20',2,'0001','Roohi'),('Roohi20001221112113','11:00:00',120,'2021-11-21',2,'0001','Roohi'),('Roohi20001221112119','19:00:00',120,'2021-11-21',2,'0001','Roohi'),('Roohi20001221112213','11:00:00',120,'2021-11-22',2,'0001','Roohi'),('Roohi20001221112219','19:00:00',120,'2021-11-22',2,'0001','Roohi'),('Roohi20001221112313','11:00:00',120,'2021-11-23',2,'0001','Roohi'),('Roohi20001221112319','19:00:00',120,'2021-11-23',2,'0001','Roohi'),('Roohi20001221112413','11:00:00',120,'2021-11-24',2,'0001','Roohi'),('Roohi20001221112419','19:00:00',120,'2021-11-24',2,'0001','Roohi'),('Roohi20001221112513','11:00:00',120,'2021-11-25',2,'0001','Roohi'),('Roohi20001221112519','19:00:00',120,'2021-11-25',2,'0001','Roohi'),('Roohi20001221112613','11:00:00',120,'2021-11-26',2,'0001','Roohi'),('Roohi20001221112619','19:00:00',120,'2021-11-26',2,'0001','Roohi'),('Roohi20002121112011','11:00:00',120,'2021-11-20',1,'0002','Roohi'),('Roohi20002121112111','11:00:00',120,'2021-11-21',1,'0002','Roohi'),('Roohi20002121112211','11:00:00',120,'2021-11-22',1,'0002','Roohi'),('Roohi20002121112311','11:00:00',120,'2021-11-23',1,'0002','Roohi'),('Roohi20002121112411','11:00:00',120,'2021-11-24',1,'0002','Roohi'),('Roohi20002121112511','11:00:00',120,'2021-11-25',1,'0002','Roohi'),('Roohi20002121112611','11:00:00',120,'2021-11-26',1,'0002','Roohi'),('Roohi20003121112020','20:00:00',120,'2021-11-20',1,'0003','Roohi'),('Roohi20003121112120','20:00:00',120,'2021-11-21',1,'0003','Roohi'),('Roohi20003121112220','20:00:00',120,'2021-11-22',1,'0003','Roohi'),('Roohi20003121112320','20:00:00',120,'2021-11-23',1,'0003','Roohi'),('Roohi20003121112420','20:00:00',120,'2021-11-24',1,'0003','Roohi'),('Roohi20003121112520','20:00:00',120,'2021-11-25',1,'0003','Roohi'),('Roohi20003121112620','20:00:00',120,'2021-11-26',1,'0003','Roohi'),('Roohi20003221112013','11:00:00',120,'2021-11-20',2,'0003','Roohi'),('Roohi20003221112113','11:00:00',120,'2021-11-21',2,'0003','Roohi'),('Roohi20003221112213','11:00:00',120,'2021-11-22',2,'0003','Roohi'),('Roohi20003221112313','11:00:00',120,'2021-11-23',2,'0003','Roohi'),('Roohi20003221112413','11:00:00',120,'2021-11-24',2,'0003','Roohi'),('Roohi20003221112513','11:00:00',120,'2021-11-25',2,'0003','Roohi'),('Roohi20003221112613','11:00:00',120,'2021-11-26',2,'0003','Roohi'),('Roohi20004121112011','11:00:00',120,'2021-11-20',1,'0004','Roohi'),('Roohi20004121112111','11:00:00',120,'2021-11-21',1,'0004','Roohi'),('Roohi20004121112211','11:00:00',120,'2021-11-22',1,'0004','Roohi'),('Roohi20004121112311','11:00:00',120,'2021-11-23',1,'0004','Roohi'),('Roohi20004121112411','11:00:00',120,'2021-11-24',1,'0004','Roohi'),('Roohi20004121112511','11:00:00',120,'2021-11-25',1,'0004','Roohi'),('Roohi20004121112611','11:00:00',120,'2021-11-26',1,'0004','Roohi'),('Roohi20005121112020','20:00:00',120,'2021-11-20',1,'0005','Roohi'),('Roohi20005121112120','20:00:00',120,'2021-11-21',1,'0005','Roohi'),('Roohi20005121112220','20:00:00',120,'2021-11-22',1,'0005','Roohi'),('Roohi20005121112320','20:00:00',120,'2021-11-23',1,'0005','Roohi'),('Roohi20005121112420','20:00:00',120,'2021-11-24',1,'0005','Roohi'),('Roohi20005121112520','20:00:00',120,'2021-11-25',1,'0005','Roohi'),('Roohi20005121112620','20:00:00',120,'2021-11-26',1,'0005','Roohi'),('Roohi20006221112019','19:00:00',120,'2021-11-20',2,'0006','Roohi'),('Roohi20006221112119','19:00:00',120,'2021-11-21',2,'0006','Roohi'),('Roohi20006221112219','19:00:00',120,'2021-11-22',2,'0006','Roohi'),('Roohi20006221112319','19:00:00',120,'2021-11-23',2,'0006','Roohi'),('Roohi20006221112419','19:00:00',120,'2021-11-24',2,'0006','Roohi'),('Roohi20006221112519','19:00:00',120,'2021-11-25',2,'0006','Roohi'),('Roohi20006221112619','19:00:00',120,'2021-11-26',2,'0006','Roohi'),('Roohi20007221112019','19:00:00',120,'2021-11-20',1,'0007','Roohi'),('Roohi20007221112119','19:00:00',120,'2021-11-21',1,'0007','Roohi'),('Roohi20007221112219','19:00:00',120,'2021-11-22',1,'0007','Roohi'),('Roohi20007221112319','19:00:00',120,'2021-11-23',1,'0007','Roohi'),('Roohi20007221112419','19:00:00',120,'2021-11-24',1,'0007','Roohi'),('Roohi20007221112519','19:00:00',120,'2021-11-25',1,'0007','Roohi'),('Roohi20007221112619','19:00:00',120,'2021-11-26',1,'0007','Roohi'),('Roohi20008221112119','19:00:00',120,'2021-11-21',2,'0008','Roohi'),('Roohi20008221112219','19:00:00',120,'2021-11-22',2,'0008','Roohi'),('Roohi20008221112419','19:00:00',120,'2021-11-24',2,'0008','Roohi'),('Roohi20008221112519','19:00:00',120,'2021-11-25',2,'0008','Roohi'),('Roohi20008221112619','19:00:00',120,'2021-11-26',2,'0008','Roohi'),('Roohi20008222112019','19:00:00',120,'2021-11-20',2,'0008','Roohi'),('Roohi20008222112319','19:00:00',120,'2021-11-23',2,'0008','Roohi'),('Saina0001221112013','11:00:00',120,'2021-11-20',2,'0001','Saina'),('Saina0001221112019','19:00:00',120,'2021-11-20',2,'0001','Saina'),('Saina0001221112113','11:00:00',120,'2021-11-21',2,'0001','Saina'),('Saina0001221112119','19:00:00',120,'2021-11-21',2,'0001','Saina'),('Saina0001221112213','11:00:00',120,'2021-11-22',2,'0001','Saina'),('Saina0001221112219','19:00:00',120,'2021-11-22',2,'0001','Saina'),('Saina0001221112313','11:00:00',120,'2021-11-23',2,'0001','Saina'),('Saina0001221112319','19:00:00',120,'2021-11-23',2,'0001','Saina'),('Saina0001221112413','11:00:00',120,'2021-11-24',2,'0001','Saina'),('Saina0001221112419','19:00:00',120,'2021-11-24',2,'0001','Saina'),('Saina0001221112513','11:00:00',120,'2021-11-25',2,'0001','Saina'),('Saina0001221112519','19:00:00',120,'2021-11-25',2,'0001','Saina'),('Saina0001221112613','11:00:00',120,'2021-11-26',2,'0001','Saina'),('Saina0001221112619','19:00:00',120,'2021-11-26',2,'0001','Saina'),('Saina0002121112011','11:00:00',120,'2021-11-20',1,'0002','Saina'),('Saina0002121112111','11:00:00',120,'2021-11-21',1,'0002','Saina'),('Saina0002121112211','11:00:00',120,'2021-11-22',1,'0002','Saina'),('Saina0002121112311','11:00:00',120,'2021-11-23',1,'0002','Saina'),('Saina0002121112411','11:00:00',120,'2021-11-24',1,'0002','Saina'),('Saina0002121112511','11:00:00',120,'2021-11-25',1,'0002','Saina'),('Saina0002121112611','11:00:00',120,'2021-11-26',1,'0002','Saina'),('Saina0003121112020','20:00:00',120,'2021-11-20',1,'0003','Saina'),('Saina0003121112120','20:00:00',120,'2021-11-21',1,'0003','Saina'),('Saina0003121112220','20:00:00',120,'2021-11-22',1,'0003','Saina'),('Saina0003121112320','20:00:00',120,'2021-11-23',1,'0003','Saina'),('Saina0003121112420','20:00:00',120,'2021-11-24',1,'0003','Saina'),('Saina0003121112520','20:00:00',120,'2021-11-25',1,'0003','Saina'),('Saina0003121112620','20:00:00',120,'2021-11-26',1,'0003','Saina'),('Saina0003221112013','11:00:00',120,'2021-11-20',2,'0003','Saina'),('Saina0003221112113','11:00:00',120,'2021-11-21',2,'0003','Saina'),('Saina0003221112213','11:00:00',120,'2021-11-22',2,'0003','Saina'),('Saina0003221112313','11:00:00',120,'2021-11-23',2,'0003','Saina'),('Saina0003221112413','11:00:00',120,'2021-11-24',2,'0003','Saina'),('Saina0003221112513','11:00:00',120,'2021-11-25',2,'0003','Saina'),('Saina0003221112613','11:00:00',120,'2021-11-26',2,'0003','Saina'),('Saina0004121112011','11:00:00',120,'2021-11-20',1,'0004','Saina'),('Saina0004121112111','11:00:00',120,'2021-11-21',1,'0004','Saina'),('Saina0004121112211','11:00:00',120,'2021-11-22',1,'0004','Saina'),('Saina0004121112311','11:00:00',120,'2021-11-23',1,'0004','Saina'),('Saina0004121112411','11:00:00',120,'2021-11-24',1,'0004','Saina'),('Saina0004121112511','11:00:00',120,'2021-11-25',1,'0004','Saina'),('Saina0004121112611','11:00:00',120,'2021-11-26',1,'0004','Saina'),('Saina0005121112020','20:00:00',120,'2021-11-20',1,'0005','Saina'),('Saina0005121112120','20:00:00',120,'2021-11-21',1,'0005','Saina'),('Saina0005121112220','20:00:00',120,'2021-11-22',1,'0005','Saina'),('Saina0005121112320','20:00:00',120,'2021-11-23',1,'0005','Saina'),('Saina0005121112420','20:00:00',120,'2021-11-24',1,'0005','Saina'),('Saina0005121112520','20:00:00',120,'2021-11-25',1,'0005','Saina'),('Saina0005121112620','20:00:00',120,'2021-11-26',1,'0005','Saina'),('Saina0006221112019','19:00:00',120,'2021-11-20',2,'0006','Saina'),('Saina0006221112119','19:00:00',120,'2021-11-21',2,'0006','Saina'),('Saina0006221112219','19:00:00',120,'2021-11-22',2,'0006','Saina'),('Saina0006221112319','19:00:00',120,'2021-11-23',2,'0006','Saina'),('Saina0006221112419','19:00:00',120,'2021-11-24',2,'0006','Saina'),('Saina0006221112519','19:00:00',120,'2021-11-25',2,'0006','Saina'),('Saina0006221112619','19:00:00',120,'2021-11-26',2,'0006','Saina'),('Saina0007221112019','19:00:00',120,'2021-11-20',1,'0007','Saina'),('Saina0007221112119','19:00:00',120,'2021-11-21',1,'0007','Saina'),('Saina0007221112219','19:00:00',120,'2021-11-22',1,'0007','Saina'),('Saina0007221112319','19:00:00',120,'2021-11-23',1,'0007','Saina'),('Saina0007221112419','19:00:00',120,'2021-11-24',1,'0007','Saina'),('Saina0007221112519','19:00:00',120,'2021-11-25',1,'0007','Saina'),('Saina0007221112619','19:00:00',120,'2021-11-26',1,'0007','Saina'),('Saina0008221112119','19:00:00',120,'2021-11-21',2,'0008','Saina'),('Saina0008221112219','19:00:00',120,'2021-11-22',2,'0008','Saina'),('Saina0008221112419','19:00:00',120,'2021-11-24',2,'0008','Saina'),('Saina0008221112519','19:00:00',120,'2021-11-25',2,'0008','Saina'),('Saina0008221112619','19:00:00',120,'2021-11-26',2,'0008','Saina'),('Saina0008222112019','19:00:00',120,'2021-11-20',2,'0008','Saina'),('Saina0008222112319','19:00:00',120,'2021-11-23',2,'0008','Saina'),('Sherni0001221112013','11:00:00',120,'2021-11-20',2,'0001','Sherni'),('Sherni0001221112019','19:00:00',120,'2021-11-20',2,'0001','Sherni'),('Sherni0001221112113','11:00:00',120,'2021-11-21',2,'0001','Sherni'),('Sherni0001221112119','19:00:00',120,'2021-11-21',2,'0001','Sherni'),('Sherni0001221112213','11:00:00',120,'2021-11-22',2,'0001','Sherni'),('Sherni0001221112219','19:00:00',120,'2021-11-22',2,'0001','Sherni'),('Sherni0001221112313','11:00:00',120,'2021-11-23',2,'0001','Sherni'),('Sherni0001221112319','19:00:00',120,'2021-11-23',2,'0001','Sherni'),('Sherni0001221112413','11:00:00',120,'2021-11-24',2,'0001','Sherni'),('Sherni0001221112419','19:00:00',120,'2021-11-24',2,'0001','Sherni'),('Sherni0001221112513','11:00:00',120,'2021-11-25',2,'0001','Sherni'),('Sherni0001221112519','19:00:00',120,'2021-11-25',2,'0001','Sherni'),('Sherni0001221112613','11:00:00',120,'2021-11-26',2,'0001','Sherni'),('Sherni0001221112619','19:00:00',120,'2021-11-26',2,'0001','Sherni'),('Sherni0002121112011','11:00:00',120,'2021-11-20',1,'0002','Sherni'),('Sherni0002121112111','11:00:00',120,'2021-11-21',1,'0002','Sherni'),('Sherni0002121112211','11:00:00',120,'2021-11-22',1,'0002','Sherni'),('Sherni0002121112311','11:00:00',120,'2021-11-23',1,'0002','Sherni'),('Sherni0002121112411','11:00:00',120,'2021-11-24',1,'0002','Sherni'),('Sherni0002121112511','11:00:00',120,'2021-11-25',1,'0002','Sherni'),('Sherni0002121112611','11:00:00',120,'2021-11-26',1,'0002','Sherni'),('Sherni0003121112020','20:00:00',120,'2021-11-20',1,'0003','Sherni'),('Sherni0003121112120','20:00:00',120,'2021-11-21',1,'0003','Sherni'),('Sherni0003121112220','20:00:00',120,'2021-11-22',1,'0003','Sherni'),('Sherni0003121112320','20:00:00',120,'2021-11-23',1,'0003','Sherni'),('Sherni0003121112420','20:00:00',120,'2021-11-24',1,'0003','Sherni'),('Sherni0003121112520','20:00:00',120,'2021-11-25',1,'0003','Sherni'),('Sherni0003121112620','20:00:00',120,'2021-11-26',1,'0003','Sherni'),('Sherni0003221112013','11:00:00',120,'2021-11-20',2,'0003','Sherni'),('Sherni0003221112113','11:00:00',120,'2021-11-21',2,'0003','Sherni'),('Sherni0003221112213','11:00:00',120,'2021-11-22',2,'0003','Sherni'),('Sherni0003221112313','11:00:00',120,'2021-11-23',2,'0003','Sherni'),('Sherni0003221112413','11:00:00',120,'2021-11-24',2,'0003','Sherni'),('Sherni0003221112513','11:00:00',120,'2021-11-25',2,'0003','Sherni'),('Sherni0003221112613','11:00:00',120,'2021-11-26',2,'0003','Sherni'),('Sherni0004121112011','11:00:00',120,'2021-11-20',1,'0004','Sherni'),('Sherni0004121112111','11:00:00',120,'2021-11-21',1,'0004','Sherni'),('Sherni0004121112211','11:00:00',120,'2021-11-22',1,'0004','Sherni'),('Sherni0004121112311','11:00:00',120,'2021-11-23',1,'0004','Sherni'),('Sherni0004121112411','11:00:00',120,'2021-11-24',1,'0004','Sherni'),('Sherni0004121112511','11:00:00',120,'2021-11-25',1,'0004','Sherni'),('Sherni0004121112611','11:00:00',120,'2021-11-26',1,'0004','Sherni'),('Sherni0005121112020','20:00:00',120,'2021-11-20',1,'0005','Sherni'),('Sherni0005121112120','20:00:00',120,'2021-11-21',1,'0005','Sherni'),('Sherni0005121112220','20:00:00',120,'2021-11-22',1,'0005','Sherni'),('Sherni0005121112320','20:00:00',120,'2021-11-23',1,'0005','Sherni'),('Sherni0005121112420','20:00:00',120,'2021-11-24',1,'0005','Sherni'),('Sherni0005121112520','20:00:00',120,'2021-11-25',1,'0005','Sherni'),('Sherni0005121112620','20:00:00',120,'2021-11-26',1,'0005','Sherni'),('Sherni0006221112019','19:00:00',120,'2021-11-20',2,'0006','Sherni'),('Sherni0006221112119','19:00:00',120,'2021-11-21',2,'0006','Sherni'),('Sherni0006221112219','19:00:00',120,'2021-11-22',2,'0006','Sherni'),('Sherni0006221112319','19:00:00',120,'2021-11-23',2,'0006','Sherni'),('Sherni0006221112419','19:00:00',120,'2021-11-24',2,'0006','Sherni'),('Sherni0006221112519','19:00:00',120,'2021-11-25',2,'0006','Sherni'),('Sherni0006221112619','19:00:00',120,'2021-11-26',2,'0006','Sherni'),('Sherni0007221112019','19:00:00',120,'2021-11-20',1,'0007','Sherni'),('Sherni0007221112119','19:00:00',120,'2021-11-21',1,'0007','Sherni'),('Sherni0007221112219','19:00:00',120,'2021-11-22',1,'0007','Sherni'),('Sherni0007221112319','19:00:00',120,'2021-11-23',1,'0007','Sherni'),('Sherni0007221112419','19:00:00',120,'2021-11-24',1,'0007','Sherni'),('Sherni0007221112519','19:00:00',120,'2021-11-25',1,'0007','Sherni'),('Sherni0007221112619','19:00:00',120,'2021-11-26',1,'0007','Sherni'),('Sherni0008221112119','19:00:00',120,'2021-11-21',2,'0008','Sherni'),('Sherni0008221112219','19:00:00',120,'2021-11-22',2,'0008','Sherni'),('Sherni0008221112419','19:00:00',120,'2021-11-24',2,'0008','Sherni'),('Sherni0008221112519','19:00:00',120,'2021-11-25',2,'0008','Sherni'),('Sherni0008221112619','19:00:00',120,'2021-11-26',2,'0008','Sherni'),('Sherni0008222112019','19:00:00',120,'2021-11-20',2,'0008','Sherni'),('Sherni0008222112319','19:00:00',120,'2021-11-23',2,'0008','Sherni'),('Shershah90001221112013','11:00:00',120,'2021-11-20',2,'0001','Shershah'),('Shershah90001221112019','19:00:00',120,'2021-11-20',2,'0001','Shershah'),('Shershah90001221112113','11:00:00',120,'2021-11-21',2,'0001','Shershah'),('Shershah90001221112119','19:00:00',120,'2021-11-21',2,'0001','Shershah'),('Shershah90001221112213','11:00:00',120,'2021-11-22',2,'0001','Shershah'),('Shershah90001221112219','19:00:00',120,'2021-11-22',2,'0001','Shershah'),('Shershah90001221112313','11:00:00',120,'2021-11-23',2,'0001','Shershah'),('Shershah90001221112319','19:00:00',120,'2021-11-23',2,'0001','Shershah'),('Shershah90001221112413','11:00:00',120,'2021-11-24',2,'0001','Shershah'),('Shershah90001221112419','19:00:00',120,'2021-11-24',2,'0001','Shershah'),('Shershah90001221112513','11:00:00',120,'2021-11-25',2,'0001','Shershah'),('Shershah90001221112519','19:00:00',120,'2021-11-25',2,'0001','Shershah'),('Shershah90001221112613','11:00:00',120,'2021-11-26',2,'0001','Shershah'),('Shershah90001221112619','19:00:00',120,'2021-11-26',2,'0001','Shershah'),('Shershah90002121112011','11:00:00',120,'2021-11-20',1,'0002','Shershah'),('Shershah90002121112111','11:00:00',120,'2021-11-21',1,'0002','Shershah'),('Shershah90002121112211','11:00:00',120,'2021-11-22',1,'0002','Shershah'),('Shershah90002121112311','11:00:00',120,'2021-11-23',1,'0002','Shershah'),('Shershah90002121112411','11:00:00',120,'2021-11-24',1,'0002','Shershah'),('Shershah90002121112511','11:00:00',120,'2021-11-25',1,'0002','Shershah'),('Shershah90002121112611','11:00:00',120,'2021-11-26',1,'0002','Shershah'),('Shershah90003121112020','20:00:00',120,'2021-11-20',1,'0003','Shershah'),('Shershah90003121112120','20:00:00',120,'2021-11-21',1,'0003','Shershah'),('Shershah90003121112220','20:00:00',120,'2021-11-22',1,'0003','Shershah'),('Shershah90003121112320','20:00:00',120,'2021-11-23',1,'0003','Shershah'),('Shershah90003121112420','20:00:00',120,'2021-11-24',1,'0003','Shershah'),('Shershah90003121112520','20:00:00',120,'2021-11-25',1,'0003','Shershah'),('Shershah90003121112620','20:00:00',120,'2021-11-26',1,'0003','Shershah'),('Shershah90003221112013','11:00:00',120,'2021-11-20',2,'0003','Shershah'),('Shershah90003221112113','11:00:00',120,'2021-11-21',2,'0003','Shershah'),('Shershah90003221112213','11:00:00',120,'2021-11-22',2,'0003','Shershah'),('Shershah90003221112313','11:00:00',120,'2021-11-23',2,'0003','Shershah'),('Shershah90003221112413','11:00:00',120,'2021-11-24',2,'0003','Shershah'),('Shershah90003221112513','11:00:00',120,'2021-11-25',2,'0003','Shershah'),('Shershah90003221112613','11:00:00',120,'2021-11-26',2,'0003','Shershah'),('Shershah90004121112011','11:00:00',120,'2021-11-20',1,'0004','Shershah'),('Shershah90004121112111','11:00:00',120,'2021-11-21',1,'0004','Shershah'),('Shershah90004121112211','11:00:00',120,'2021-11-22',1,'0004','Shershah'),('Shershah90004121112311','11:00:00',120,'2021-11-23',1,'0004','Shershah'),('Shershah90004121112411','11:00:00',120,'2021-11-24',1,'0004','Shershah'),('Shershah90004121112511','11:00:00',120,'2021-11-25',1,'0004','Shershah'),('Shershah90004121112611','11:00:00',120,'2021-11-26',1,'0004','Shershah'),('Shershah90005121112020','20:00:00',120,'2021-11-20',1,'0005','Shershah'),('Shershah90005121112120','20:00:00',120,'2021-11-21',1,'0005','Shershah'),('Shershah90005121112220','20:00:00',120,'2021-11-22',1,'0005','Shershah'),('Shershah90005121112320','20:00:00',120,'2021-11-23',1,'0005','Shershah'),('Shershah90005121112420','20:00:00',120,'2021-11-24',1,'0005','Shershah'),('Shershah90005121112520','20:00:00',120,'2021-11-25',1,'0005','Shershah'),('Shershah90005121112620','20:00:00',120,'2021-11-26',1,'0005','Shershah'),('Shershah90006221112019','19:00:00',120,'2021-11-20',2,'0006','Shershah'),('Shershah90006221112119','19:00:00',120,'2021-11-21',2,'0006','Shershah'),('Shershah90006221112219','19:00:00',120,'2021-11-22',2,'0006','Shershah'),('Shershah90006221112319','19:00:00',120,'2021-11-23',2,'0006','Shershah'),('Shershah90006221112419','19:00:00',120,'2021-11-24',2,'0006','Shershah'),('Shershah90006221112519','19:00:00',120,'2021-11-25',2,'0006','Shershah'),('Shershah90006221112619','19:00:00',120,'2021-11-26',2,'0006','Shershah'),('Shershah90007221112019','19:00:00',120,'2021-11-20',1,'0007','Shershah'),('Shershah90007221112119','19:00:00',120,'2021-11-21',1,'0007','Shershah'),('Shershah90007221112219','19:00:00',120,'2021-11-22',1,'0007','Shershah'),('Shershah90007221112319','19:00:00',120,'2021-11-23',1,'0007','Shershah'),('Shershah90007221112419','19:00:00',120,'2021-11-24',1,'0007','Shershah'),('Shershah90007221112519','19:00:00',120,'2021-11-25',1,'0007','Shershah'),('Shershah90007221112619','19:00:00',120,'2021-11-26',1,'0007','Shershah'),('Shershah90008221112119','19:00:00',120,'2021-11-21',2,'0008','Shershah'),('Shershah90008221112219','19:00:00',120,'2021-11-22',2,'0008','Shershah'),('Shershah90008221112419','19:00:00',120,'2021-11-24',2,'0008','Shershah'),('Shershah90008221112519','19:00:00',120,'2021-11-25',2,'0008','Shershah'),('Shershah90008221112619','19:00:00',120,'2021-11-26',2,'0008','Shershah'),('Shershah90008222112019','19:00:00',120,'2021-11-20',2,'0008','Shershah'),('Shershah90008222112319','19:00:00',120,'2021-11-23',2,'0008','Shershah'),('Shiddat0001221112013','11:00:00',120,'2021-11-20',2,'0001','Shiddat'),('Shiddat0001221112019','19:00:00',120,'2021-11-20',2,'0001','Shiddat'),('Shiddat0001221112113','11:00:00',120,'2021-11-21',2,'0001','Shiddat'),('Shiddat0001221112119','19:00:00',120,'2021-11-21',2,'0001','Shiddat'),('Shiddat0001221112213','11:00:00',120,'2021-11-22',2,'0001','Shiddat'),('Shiddat0001221112219','19:00:00',120,'2021-11-22',2,'0001','Shiddat'),('Shiddat0001221112313','11:00:00',120,'2021-11-23',2,'0001','Shiddat'),('Shiddat0001221112319','19:00:00',120,'2021-11-23',2,'0001','Shiddat'),('Shiddat0001221112413','11:00:00',120,'2021-11-24',2,'0001','Shiddat'),('Shiddat0001221112419','19:00:00',120,'2021-11-24',2,'0001','Shiddat'),('Shiddat0001221112513','11:00:00',120,'2021-11-25',2,'0001','Shiddat'),('Shiddat0001221112519','19:00:00',120,'2021-11-25',2,'0001','Shiddat'),('Shiddat0001221112613','11:00:00',120,'2021-11-26',2,'0001','Shiddat'),('Shiddat0001221112619','19:00:00',120,'2021-11-26',2,'0001','Shiddat'),('Shiddat0002121112011','11:00:00',120,'2021-11-20',1,'0002','Shiddat'),('Shiddat0002121112111','11:00:00',120,'2021-11-21',1,'0002','Shiddat'),('Shiddat0002121112211','11:00:00',120,'2021-11-22',1,'0002','Shiddat'),('Shiddat0002121112311','11:00:00',120,'2021-11-23',1,'0002','Shiddat'),('Shiddat0002121112411','11:00:00',120,'2021-11-24',1,'0002','Shiddat'),('Shiddat0002121112511','11:00:00',120,'2021-11-25',1,'0002','Shiddat'),('Shiddat0002121112611','11:00:00',120,'2021-11-26',1,'0002','Shiddat'),('Shiddat0003121112020','20:00:00',120,'2021-11-20',1,'0003','Shiddat'),('Shiddat0003121112120','20:00:00',120,'2021-11-21',1,'0003','Shiddat'),('Shiddat0003121112220','20:00:00',120,'2021-11-22',1,'0003','Shiddat'),('Shiddat0003121112320','20:00:00',120,'2021-11-23',1,'0003','Shiddat'),('Shiddat0003121112420','20:00:00',120,'2021-11-24',1,'0003','Shiddat'),('Shiddat0003121112520','20:00:00',120,'2021-11-25',1,'0003','Shiddat'),('Shiddat0003121112620','20:00:00',120,'2021-11-26',1,'0003','Shiddat'),('Shiddat0003221112013','11:00:00',120,'2021-11-20',2,'0003','Shiddat'),('Shiddat0003221112113','11:00:00',120,'2021-11-21',2,'0003','Shiddat'),('Shiddat0003221112213','11:00:00',120,'2021-11-22',2,'0003','Shiddat'),('Shiddat0003221112313','11:00:00',120,'2021-11-23',2,'0003','Shiddat'),('Shiddat0003221112413','11:00:00',120,'2021-11-24',2,'0003','Shiddat'),('Shiddat0003221112513','11:00:00',120,'2021-11-25',2,'0003','Shiddat'),('Shiddat0003221112613','11:00:00',120,'2021-11-26',2,'0003','Shiddat'),('Shiddat0004121112011','11:00:00',120,'2021-11-20',1,'0004','Shiddat'),('Shiddat0004121112111','11:00:00',120,'2021-11-21',1,'0004','Shiddat'),('Shiddat0004121112211','11:00:00',120,'2021-11-22',1,'0004','Shiddat'),('Shiddat0004121112311','11:00:00',120,'2021-11-23',1,'0004','Shiddat'),('Shiddat0004121112411','11:00:00',120,'2021-11-24',1,'0004','Shiddat'),('Shiddat0004121112511','11:00:00',120,'2021-11-25',1,'0004','Shiddat'),('Shiddat0004121112611','11:00:00',120,'2021-11-26',1,'0004','Shiddat'),('Shiddat0005121112020','20:00:00',120,'2021-11-20',1,'0005','Shiddat'),('Shiddat0005121112120','20:00:00',120,'2021-11-21',1,'0005','Shiddat'),('Shiddat0005121112220','20:00:00',120,'2021-11-22',1,'0005','Shiddat'),('Shiddat0005121112320','20:00:00',120,'2021-11-23',1,'0005','Shiddat'),('Shiddat0005121112420','20:00:00',120,'2021-11-24',1,'0005','Shiddat'),('Shiddat0005121112520','20:00:00',120,'2021-11-25',1,'0005','Shiddat'),('Shiddat0005121112620','20:00:00',120,'2021-11-26',1,'0005','Shiddat'),('Shiddat0006221112019','19:00:00',120,'2021-11-20',2,'0006','Shiddat'),('Shiddat0006221112119','19:00:00',120,'2021-11-21',2,'0006','Shiddat'),('Shiddat0006221112219','19:00:00',120,'2021-11-22',2,'0006','Shiddat'),('Shiddat0006221112319','19:00:00',120,'2021-11-23',2,'0006','Shiddat'),('Shiddat0006221112419','19:00:00',120,'2021-11-24',2,'0006','Shiddat'),('Shiddat0006221112519','19:00:00',120,'2021-11-25',2,'0006','Shiddat'),('Shiddat0006221112619','19:00:00',120,'2021-11-26',2,'0006','Shiddat'),('Shiddat0007221112019','19:00:00',120,'2021-11-20',1,'0007','Shiddat'),('Shiddat0007221112119','19:00:00',120,'2021-11-21',1,'0007','Shiddat'),('Shiddat0007221112219','19:00:00',120,'2021-11-22',1,'0007','Shiddat'),('Shiddat0007221112319','19:00:00',120,'2021-11-23',1,'0007','Shiddat'),('Shiddat0007221112419','19:00:00',120,'2021-11-24',1,'0007','Shiddat'),('Shiddat0007221112519','19:00:00',120,'2021-11-25',1,'0007','Shiddat'),('Shiddat0007221112619','19:00:00',120,'2021-11-26',1,'0007','Shiddat'),('Shiddat0008221112119','19:00:00',120,'2021-11-21',2,'0008','Shiddat'),('Shiddat0008221112219','19:00:00',120,'2021-11-22',2,'0008','Shiddat'),('Shiddat0008221112419','19:00:00',120,'2021-11-24',2,'0008','Shiddat'),('Shiddat0008221112519','19:00:00',120,'2021-11-25',2,'0008','Shiddat'),('Shiddat0008221112619','19:00:00',120,'2021-11-26',2,'0008','Shiddat'),('Shiddat0008222112019','19:00:00',120,'2021-11-20',2,'0008','Shiddat'),('Shiddat0008222112319','19:00:00',120,'2021-11-23',2,'0008','Shiddat'),('Soorarai0001221112013','11:00:00',120,'2021-11-20',2,'0001','Soorarai'),('Soorarai0001221112019','19:00:00',120,'2021-11-20',2,'0001','Soorarai'),('Soorarai0001221112113','11:00:00',120,'2021-11-21',2,'0001','Soorarai'),('Soorarai0001221112119','19:00:00',120,'2021-11-21',2,'0001','Soorarai'),('Soorarai0001221112213','11:00:00',120,'2021-11-22',2,'0001','Soorarai'),('Soorarai0001221112219','19:00:00',120,'2021-11-22',2,'0001','Soorarai'),('Soorarai0001221112313','11:00:00',120,'2021-11-23',2,'0001','Soorarai'),('Soorarai0001221112319','19:00:00',120,'2021-11-23',2,'0001','Soorarai'),('Soorarai0001221112413','11:00:00',120,'2021-11-24',2,'0001','Soorarai'),('Soorarai0001221112419','19:00:00',120,'2021-11-24',2,'0001','Soorarai'),('Soorarai0001221112513','11:00:00',120,'2021-11-25',2,'0001','Soorarai'),('Soorarai0001221112519','19:00:00',120,'2021-11-25',2,'0001','Soorarai'),('Soorarai0001221112613','11:00:00',120,'2021-11-26',2,'0001','Soorarai'),('Soorarai0001221112619','19:00:00',120,'2021-11-26',2,'0001','Soorarai'),('Soorarai0002121112011','11:00:00',120,'2021-11-20',1,'0002','Soorarai'),('Soorarai0002121112111','11:00:00',120,'2021-11-21',1,'0002','Soorarai'),('Soorarai0002121112211','11:00:00',120,'2021-11-22',1,'0002','Soorarai'),('Soorarai0002121112311','11:00:00',120,'2021-11-23',1,'0002','Soorarai'),('Soorarai0002121112411','11:00:00',120,'2021-11-24',1,'0002','Soorarai'),('Soorarai0002121112511','11:00:00',120,'2021-11-25',1,'0002','Soorarai'),('Soorarai0002121112611','11:00:00',120,'2021-11-26',1,'0002','Soorarai'),('Soorarai0003121112020','20:00:00',120,'2021-11-20',1,'0003','Soorarai'),('Soorarai0003121112120','20:00:00',120,'2021-11-21',1,'0003','Soorarai'),('Soorarai0003121112220','20:00:00',120,'2021-11-22',1,'0003','Soorarai'),('Soorarai0003121112320','20:00:00',120,'2021-11-23',1,'0003','Soorarai'),('Soorarai0003121112420','20:00:00',120,'2021-11-24',1,'0003','Soorarai'),('Soorarai0003121112520','20:00:00',120,'2021-11-25',1,'0003','Soorarai'),('Soorarai0003121112620','20:00:00',120,'2021-11-26',1,'0003','Soorarai'),('Soorarai0003221112013','11:00:00',120,'2021-11-20',2,'0003','Soorarai'),('Soorarai0003221112113','11:00:00',120,'2021-11-21',2,'0003','Soorarai'),('Soorarai0003221112213','11:00:00',120,'2021-11-22',2,'0003','Soorarai'),('Soorarai0003221112313','11:00:00',120,'2021-11-23',2,'0003','Soorarai'),('Soorarai0003221112413','11:00:00',120,'2021-11-24',2,'0003','Soorarai'),('Soorarai0003221112513','11:00:00',120,'2021-11-25',2,'0003','Soorarai'),('Soorarai0003221112613','11:00:00',120,'2021-11-26',2,'0003','Soorarai'),('Soorarai0004121112011','11:00:00',120,'2021-11-20',1,'0004','Soorarai'),('Soorarai0004121112111','11:00:00',120,'2021-11-21',1,'0004','Soorarai'),('Soorarai0004121112211','11:00:00',120,'2021-11-22',1,'0004','Soorarai'),('Soorarai0004121112311','11:00:00',120,'2021-11-23',1,'0004','Soorarai'),('Soorarai0004121112411','11:00:00',120,'2021-11-24',1,'0004','Soorarai'),('Soorarai0004121112511','11:00:00',120,'2021-11-25',1,'0004','Soorarai'),('Soorarai0004121112611','11:00:00',120,'2021-11-26',1,'0004','Soorarai'),('Soorarai0005121112020','20:00:00',120,'2021-11-20',1,'0005','Soorarai'),('Soorarai0005121112120','20:00:00',120,'2021-11-21',1,'0005','Soorarai'),('Soorarai0005121112220','20:00:00',120,'2021-11-22',1,'0005','Soorarai'),('Soorarai0005121112320','20:00:00',120,'2021-11-23',1,'0005','Soorarai'),('Soorarai0005121112420','20:00:00',120,'2021-11-24',1,'0005','Soorarai'),('Soorarai0005121112520','20:00:00',120,'2021-11-25',1,'0005','Soorarai'),('Soorarai0005121112620','20:00:00',120,'2021-11-26',1,'0005','Soorarai'),('Soorarai0006221112019','19:00:00',120,'2021-11-20',2,'0006','Soorarai'),('Soorarai0006221112119','19:00:00',120,'2021-11-21',2,'0006','Soorarai'),('Soorarai0006221112219','19:00:00',120,'2021-11-22',2,'0006','Soorarai'),('Soorarai0006221112319','19:00:00',120,'2021-11-23',2,'0006','Soorarai'),('Soorarai0006221112419','19:00:00',120,'2021-11-24',2,'0006','Soorarai'),('Soorarai0006221112519','19:00:00',120,'2021-11-25',2,'0006','Soorarai'),('Soorarai0006221112619','19:00:00',120,'2021-11-26',2,'0006','Soorarai'),('Soorarai0007221112019','19:00:00',120,'2021-11-20',1,'0007','Soorarai'),('Soorarai0007221112119','19:00:00',120,'2021-11-21',1,'0007','Soorarai'),('Soorarai0007221112219','19:00:00',120,'2021-11-22',1,'0007','Soorarai'),('Soorarai0007221112319','19:00:00',120,'2021-11-23',1,'0007','Soorarai'),('Soorarai0007221112419','19:00:00',120,'2021-11-24',1,'0007','Soorarai'),('Soorarai0007221112519','19:00:00',120,'2021-11-25',1,'0007','Soorarai'),('Soorarai0007221112619','19:00:00',120,'2021-11-26',1,'0007','Soorarai'),('Soorarai0008221112119','19:00:00',120,'2021-11-21',2,'0008','Soorarai'),('Soorarai0008221112219','19:00:00',120,'2021-11-22',2,'0008','Soorarai'),('Soorarai0008221112419','19:00:00',120,'2021-11-24',2,'0008','Soorarai'),('Soorarai0008221112519','19:00:00',120,'2021-11-25',2,'0008','Soorarai'),('Soorarai0008221112619','19:00:00',120,'2021-11-26',2,'0008','Soorarai'),('Soorarai0008222112019','19:00:00',120,'2021-11-20',2,'0008','Soorarai'),('Soorarai0008222112319','19:00:00',120,'2021-11-23',2,'0008','Soorarai'),('Thalaivi0001221112013','11:00:00',120,'2021-11-20',2,'0001','Thalaivi'),('Thalaivi0001221112019','19:00:00',120,'2021-11-20',2,'0001','Thalaivi'),('Thalaivi0001221112113','11:00:00',120,'2021-11-21',2,'0001','Thalaivi'),('Thalaivi0001221112119','19:00:00',120,'2021-11-21',2,'0001','Thalaivi'),('Thalaivi0001221112213','11:00:00',120,'2021-11-22',2,'0001','Thalaivi'),('Thalaivi0001221112219','19:00:00',120,'2021-11-22',2,'0001','Thalaivi'),('Thalaivi0001221112313','11:00:00',120,'2021-11-23',2,'0001','Thalaivi'),('Thalaivi0001221112319','19:00:00',120,'2021-11-23',2,'0001','Thalaivi'),('Thalaivi0001221112413','11:00:00',120,'2021-11-24',2,'0001','Thalaivi'),('Thalaivi0001221112419','19:00:00',120,'2021-11-24',2,'0001','Thalaivi'),('Thalaivi0001221112513','11:00:00',120,'2021-11-25',2,'0001','Thalaivi'),('Thalaivi0001221112519','19:00:00',120,'2021-11-25',2,'0001','Thalaivi'),('Thalaivi0001221112613','11:00:00',120,'2021-11-26',2,'0001','Thalaivi'),('Thalaivi0001221112619','19:00:00',120,'2021-11-26',2,'0001','Thalaivi'),('Thalaivi0002121112011','11:00:00',120,'2021-11-20',1,'0002','Thalaivi'),('Thalaivi0002121112111','11:00:00',120,'2021-11-21',1,'0002','Thalaivi'),('Thalaivi0002121112211','11:00:00',120,'2021-11-22',1,'0002','Thalaivi'),('Thalaivi0002121112311','11:00:00',120,'2021-11-23',1,'0002','Thalaivi'),('Thalaivi0002121112411','11:00:00',120,'2021-11-24',1,'0002','Thalaivi'),('Thalaivi0002121112511','11:00:00',120,'2021-11-25',1,'0002','Thalaivi'),('Thalaivi0002121112611','11:00:00',120,'2021-11-26',1,'0002','Thalaivi'),('Thalaivi0003121112020','20:00:00',120,'2021-11-20',1,'0003','Thalaivi'),('Thalaivi0003121112120','20:00:00',120,'2021-11-21',1,'0003','Thalaivi'),('Thalaivi0003121112220','20:00:00',120,'2021-11-22',1,'0003','Thalaivi'),('Thalaivi0003121112320','20:00:00',120,'2021-11-23',1,'0003','Thalaivi'),('Thalaivi0003121112420','20:00:00',120,'2021-11-24',1,'0003','Thalaivi'),('Thalaivi0003121112520','20:00:00',120,'2021-11-25',1,'0003','Thalaivi'),('Thalaivi0003121112620','20:00:00',120,'2021-11-26',1,'0003','Thalaivi'),('Thalaivi0003221112013','11:00:00',120,'2021-11-20',2,'0003','Thalaivi'),('Thalaivi0003221112113','11:00:00',120,'2021-11-21',2,'0003','Thalaivi'),('Thalaivi0003221112213','11:00:00',120,'2021-11-22',2,'0003','Thalaivi'),('Thalaivi0003221112313','11:00:00',120,'2021-11-23',2,'0003','Thalaivi'),('Thalaivi0003221112413','11:00:00',120,'2021-11-24',2,'0003','Thalaivi'),('Thalaivi0003221112513','11:00:00',120,'2021-11-25',2,'0003','Thalaivi'),('Thalaivi0003221112613','11:00:00',120,'2021-11-26',2,'0003','Thalaivi'),('Thalaivi0004121112011','11:00:00',120,'2021-11-20',1,'0004','Thalaivi'),('Thalaivi0004121112111','11:00:00',120,'2021-11-21',1,'0004','Thalaivi'),('Thalaivi0004121112211','11:00:00',120,'2021-11-22',1,'0004','Thalaivi'),('Thalaivi0004121112311','11:00:00',120,'2021-11-23',1,'0004','Thalaivi'),('Thalaivi0004121112411','11:00:00',120,'2021-11-24',1,'0004','Thalaivi'),('Thalaivi0004121112511','11:00:00',120,'2021-11-25',1,'0004','Thalaivi'),('Thalaivi0004121112611','11:00:00',120,'2021-11-26',1,'0004','Thalaivi'),('Thalaivi0005121112020','20:00:00',120,'2021-11-20',1,'0005','Thalaivi'),('Thalaivi0005121112120','20:00:00',120,'2021-11-21',1,'0005','Thalaivi'),('Thalaivi0005121112220','20:00:00',120,'2021-11-22',1,'0005','Thalaivi'),('Thalaivi0005121112320','20:00:00',120,'2021-11-23',1,'0005','Thalaivi'),('Thalaivi0005121112420','20:00:00',120,'2021-11-24',1,'0005','Thalaivi'),('Thalaivi0005121112520','20:00:00',120,'2021-11-25',1,'0005','Thalaivi'),('Thalaivi0005121112620','20:00:00',120,'2021-11-26',1,'0005','Thalaivi'),('Thalaivi0006221112019','19:00:00',120,'2021-11-20',2,'0006','Thalaivi'),('Thalaivi0006221112119','19:00:00',120,'2021-11-21',2,'0006','Thalaivi'),('Thalaivi0006221112219','19:00:00',120,'2021-11-22',2,'0006','Thalaivi'),('Thalaivi0006221112319','19:00:00',120,'2021-11-23',2,'0006','Thalaivi'),('Thalaivi0006221112419','19:00:00',120,'2021-11-24',2,'0006','Thalaivi'),('Thalaivi0006221112519','19:00:00',120,'2021-11-25',2,'0006','Thalaivi'),('Thalaivi0006221112619','19:00:00',120,'2021-11-26',2,'0006','Thalaivi'),('Thalaivi0007221112019','19:00:00',120,'2021-11-20',1,'0007','Thalaivi'),('Thalaivi0007221112119','19:00:00',120,'2021-11-21',1,'0007','Thalaivi'),('Thalaivi0007221112219','19:00:00',120,'2021-11-22',1,'0007','Thalaivi'),('Thalaivi0007221112319','19:00:00',120,'2021-11-23',1,'0007','Thalaivi'),('Thalaivi0007221112419','19:00:00',120,'2021-11-24',1,'0007','Thalaivi'),('Thalaivi0007221112519','19:00:00',120,'2021-11-25',1,'0007','Thalaivi'),('Thalaivi0007221112619','19:00:00',120,'2021-11-26',1,'0007','Thalaivi'),('Thalaivi0008221112119','19:00:00',120,'2021-11-21',2,'0008','Thalaivi'),('Thalaivi0008221112219','19:00:00',120,'2021-11-22',2,'0008','Thalaivi'),('Thalaivi0008221112419','19:00:00',120,'2021-11-24',2,'0008','Thalaivi'),('Thalaivi0008221112519','19:00:00',120,'2021-11-25',2,'0008','Thalaivi'),('Thalaivi0008221112619','19:00:00',120,'2021-11-26',2,'0008','Thalaivi'),('Thalaivi0008222112019','19:00:00',120,'2021-11-20',2,'0008','Thalaivi'),('Thalaivi0008222112319','19:00:00',120,'2021-11-23',2,'0008','Thalaivi'),('TomorrowWar0001221112013','11:00:00',120,'2021-11-20',2,'0001','Tomorrow War'),('TomorrowWar0001221112019','19:00:00',120,'2021-11-20',2,'0001','Tomorrow War'),('TomorrowWar0001221112113','11:00:00',120,'2021-11-21',2,'0001','Tomorrow War'),('TomorrowWar0001221112119','19:00:00',120,'2021-11-21',2,'0001','Tomorrow War'),('TomorrowWar0001221112213','11:00:00',120,'2021-11-22',2,'0001','Tomorrow War'),('TomorrowWar0001221112219','19:00:00',120,'2021-11-22',2,'0001','Tomorrow War'),('TomorrowWar0001221112313','11:00:00',120,'2021-11-23',2,'0001','Tomorrow War'),('TomorrowWar0001221112319','19:00:00',120,'2021-11-23',2,'0001','Tomorrow War'),('TomorrowWar0001221112413','11:00:00',120,'2021-11-24',2,'0001','Tomorrow War'),('TomorrowWar0001221112419','19:00:00',120,'2021-11-24',2,'0001','Tomorrow War'),('TomorrowWar0001221112513','11:00:00',120,'2021-11-25',2,'0001','Tomorrow War'),('TomorrowWar0001221112519','19:00:00',120,'2021-11-25',2,'0001','Tomorrow War'),('TomorrowWar0001221112613','11:00:00',120,'2021-11-26',2,'0001','Tomorrow War'),('TomorrowWar0001221112619','19:00:00',120,'2021-11-26',2,'0001','Tomorrow War'),('TomorrowWar0002121112011','11:00:00',120,'2021-11-20',1,'0002','Tomorrow War'),('TomorrowWar0002121112111','11:00:00',120,'2021-11-21',1,'0002','Tomorrow War'),('TomorrowWar0002121112211','11:00:00',120,'2021-11-22',1,'0002','Tomorrow War'),('TomorrowWar0002121112311','11:00:00',120,'2021-11-23',1,'0002','Tomorrow War'),('TomorrowWar0002121112411','11:00:00',120,'2021-11-24',1,'0002','Tomorrow War'),('TomorrowWar0002121112511','11:00:00',120,'2021-11-25',1,'0002','Tomorrow War'),('TomorrowWar0002121112611','11:00:00',120,'2021-11-26',1,'0002','Tomorrow War'),('TomorrowWar0003121112020','20:00:00',120,'2021-11-20',1,'0003','Tomorrow War'),('TomorrowWar0003121112120','20:00:00',120,'2021-11-21',1,'0003','Tomorrow War'),('TomorrowWar0003121112220','20:00:00',120,'2021-11-22',1,'0003','Tomorrow War'),('TomorrowWar0003121112320','20:00:00',120,'2021-11-23',1,'0003','Tomorrow War'),('TomorrowWar0003121112420','20:00:00',120,'2021-11-24',1,'0003','Tomorrow War'),('TomorrowWar0003121112520','20:00:00',120,'2021-11-25',1,'0003','Tomorrow War'),('TomorrowWar0003121112620','20:00:00',120,'2021-11-26',1,'0003','Tomorrow War'),('TomorrowWar0003221112013','11:00:00',120,'2021-11-20',2,'0003','Tomorrow War'),('TomorrowWar0003221112113','11:00:00',120,'2021-11-21',2,'0003','Tomorrow War'),('TomorrowWar0003221112213','11:00:00',120,'2021-11-22',2,'0003','Tomorrow War'),('TomorrowWar0003221112313','11:00:00',120,'2021-11-23',2,'0003','Tomorrow War'),('TomorrowWar0003221112413','11:00:00',120,'2021-11-24',2,'0003','Tomorrow War'),('TomorrowWar0003221112513','11:00:00',120,'2021-11-25',2,'0003','Tomorrow War'),('TomorrowWar0003221112613','11:00:00',120,'2021-11-26',2,'0003','Tomorrow War'),('TomorrowWar0004121112011','11:00:00',120,'2021-11-20',1,'0004','Tomorrow War'),('TomorrowWar0004121112111','11:00:00',120,'2021-11-21',1,'0004','Tomorrow War'),('TomorrowWar0004121112211','11:00:00',120,'2021-11-22',1,'0004','Tomorrow War'),('TomorrowWar0004121112311','11:00:00',120,'2021-11-23',1,'0004','Tomorrow War'),('TomorrowWar0004121112411','11:00:00',120,'2021-11-24',1,'0004','Tomorrow War'),('TomorrowWar0004121112511','11:00:00',120,'2021-11-25',1,'0004','Tomorrow War'),('TomorrowWar0004121112611','11:00:00',120,'2021-11-26',1,'0004','Tomorrow War'),('TomorrowWar0005121112020','20:00:00',120,'2021-11-20',1,'0005','Tomorrow War'),('TomorrowWar0005121112120','20:00:00',120,'2021-11-21',1,'0005','Tomorrow War'),('TomorrowWar0005121112220','20:00:00',120,'2021-11-22',1,'0005','Tomorrow War'),('TomorrowWar0005121112320','20:00:00',120,'2021-11-23',1,'0005','Tomorrow War'),('TomorrowWar0005121112420','20:00:00',120,'2021-11-24',1,'0005','Tomorrow War'),('TomorrowWar0005121112520','20:00:00',120,'2021-11-25',1,'0005','Tomorrow War'),('TomorrowWar0005121112620','20:00:00',120,'2021-11-26',1,'0005','Tomorrow War'),('TomorrowWar0006221112019','19:00:00',120,'2021-11-20',2,'0006','Tomorrow War'),('TomorrowWar0006221112119','19:00:00',120,'2021-11-21',2,'0006','Tomorrow War'),('TomorrowWar0006221112219','19:00:00',120,'2021-11-22',2,'0006','Tomorrow War'),('TomorrowWar0006221112319','19:00:00',120,'2021-11-23',2,'0006','Tomorrow War'),('TomorrowWar0006221112419','19:00:00',120,'2021-11-24',2,'0006','Tomorrow War'),('TomorrowWar0006221112519','19:00:00',120,'2021-11-25',2,'0006','Tomorrow War'),('TomorrowWar0006221112619','19:00:00',120,'2021-11-26',2,'0006','Tomorrow War'),('TomorrowWar0007221112019','19:00:00',120,'2021-11-20',1,'0007','Tomorrow War'),('TomorrowWar0007221112119','19:00:00',120,'2021-11-21',1,'0007','Tomorrow War'),('TomorrowWar0007221112219','19:00:00',120,'2021-11-22',1,'0007','Tomorrow War'),('TomorrowWar0007221112319','19:00:00',120,'2021-11-23',1,'0007','Tomorrow War'),('TomorrowWar0007221112419','19:00:00',120,'2021-11-24',1,'0007','Tomorrow War'),('TomorrowWar0007221112519','19:00:00',120,'2021-11-25',1,'0007','Tomorrow War'),('TomorrowWar0007221112619','19:00:00',120,'2021-11-26',1,'0007','Tomorrow War'),('TomorrowWar0008221112119','19:00:00',120,'2021-11-21',2,'0008','Tomorrow War'),('TomorrowWar0008221112219','19:00:00',120,'2021-11-22',2,'0008','Tomorrow War'),('TomorrowWar0008221112419','19:00:00',120,'2021-11-24',2,'0008','Tomorrow War'),('TomorrowWar0008221112519','19:00:00',120,'2021-11-25',2,'0008','Tomorrow War'),('TomorrowWar0008221112619','19:00:00',120,'2021-11-26',2,'0008','Tomorrow War'),('TomorrowWar0008222112019','19:00:00',120,'2021-11-20',2,'0008','Tomorrow War'),('TomorrowWar0008222112319','19:00:00',120,'2021-11-23',2,'0008','Tomorrow War');
/*!40000 ALTER TABLE `showing` ENABLE KEYS */;
UNLOCK TABLES;

--
-- Table structure for table `theatre`
--

DROP TABLE IF EXISTS `theatre`;
/*!40101 SET @saved_cs_client     = @@character_set_client */;
/*!50503 SET character_set_client = utf8mb4 */;
CREATE TABLE `theatre` (
  `screen_id` int NOT NULL,
  `max_seats` int NOT NULL,
  `theatre_id` varchar(5) NOT NULL,
  PRIMARY KEY (`screen_id`,`theatre_id`),
  KEY `fk_Theatre_Theatre_Complex_idx` (`theatre_id`),
  CONSTRAINT `fk_Theatre_Theatre_Complex` FOREIGN KEY (`theatre_id`) REFERENCES `theatre_complex` (`theatre_id`)
) ENGINE=InnoDB DEFAULT CHARSET=utf8mb3;
/*!40101 SET character_set_client = @saved_cs_client */;

--
-- Dumping data for table `theatre`
--

LOCK TABLES `theatre` WRITE;
/*!40000 ALTER TABLE `theatre` DISABLE KEYS */;
INSERT INTO `theatre` VALUES (1,120,'0001'),(1,120,'0002'),(1,120,'0003'),(1,120,'0004'),(1,120,'0005'),(1,120,'0006'),(1,120,'0007'),(1,120,'0008'),(2,120,'0001'),(2,120,'0002'),(2,120,'0003'),(2,120,'0004'),(2,120,'0005'),(2,120,'0006'),(2,120,'0007'),(2,120,'0008'),(3,120,'0001'),(4,120,'0001');
/*!40000 ALTER TABLE `theatre` ENABLE KEYS */;
UNLOCK TABLES;

--
-- Table structure for table `theatre_complex`
--

DROP TABLE IF EXISTS `theatre_complex`;
/*!40101 SET @saved_cs_client     = @@character_set_client */;
/*!50503 SET character_set_client = utf8mb4 */;
CREATE TABLE `theatre_complex` (
  `theatre_id` varchar(5) NOT NULL,
  `name` varchar(45) NOT NULL,
  `address` varchar(255) NOT NULL,
  `phone_number` varchar(10) DEFAULT NULL,
  `City` varchar(45) DEFAULT NULL,
  PRIMARY KEY (`theatre_id`)
) ENGINE=InnoDB DEFAULT CHARSET=utf8mb3;
/*!40101 SET character_set_client = @saved_cs_client */;

--
-- Dumping data for table `theatre_complex`
--

LOCK TABLES `theatre_complex` WRITE;
/*!40000 ALTER TABLE `theatre_complex` DISABLE KEYS */;
INSERT INTO `theatre_complex` VALUES ('0001','PVR Indore','4th Floor,Treasure Island Mall, 11, Mahatma Gandhi Rd, South Tukoganj, Indore, Madhya Pradesh 452001','8800900009','Indore'),('0002','INOX C21','C21 Mall AB Road Near C-21 Mall Sheetal Nagar, Scheme 54 PU4, Indore, Madhya Pradesh 452010','7314214003','Indore'),('0003','Carnival Cinemas','Malhar Mega Mall, A.B.Road, Vijay Nagar, Indore, Madhya Pradesh 452010','7316611222','Indore'),('0004','Cinesquare Cinemas','2nd Floor, Space Tower, Airport Rd, above CROMA Nr. Surjeet Hyundai Showroom, Indore, Madhya Pradesh 452006','6269250001','Indore'),('0005','Aastha Talkies','Near 452010, Patni Pura Rd, Nanda Nagar, Indore, Madhya Pradesh 452011','7312575116','Indore'),('0006','Kastur Talkies','Dhar Rd, Labriya Bheru, Raj Mohalla, Indore, Madhya Pradesh 452002','7312380751','Indore'),('0007','Madhu Milan Cinemas','Near Hanuman Mandir Madhu Milan Square, Kibe Compound, Chhoti Gwaltoli, Indore, Madhya Pradesh 452001','7312701183','Indore'),('0008','Man Mandir','Gravity Mall, Ware House Rd, Mechanic Nagar, Bhamor, Vijay Nagar, Indore, Madhya Pradesh 452010','7312555052','Indore');
/*!40000 ALTER TABLE `theatre_complex` ENABLE KEYS */;
UNLOCK TABLES;

--
-- Table structure for table `user_account`
--

DROP TABLE IF EXISTS `user_account`;
/*!40101 SET @saved_cs_client     = @@character_set_client */;
/*!50503 SET character_set_client = utf8mb4 */;
CREATE TABLE `user_account` (
  `user_id` varchar(40) NOT NULL,
  `email` varchar(45) NOT NULL,
  `fname` varchar(45) NOT NULL,
  `lname` varchar(45) DEFAULT NULL,
  `phone_number` varchar(45) DEFAULT NULL,
  `credit_card_number` varchar(20) DEFAULT NULL,
  `credit_card_expiry` varchar(45) DEFAULT NULL,
  PRIMARY KEY (`user_id`),
  UNIQUE KEY `email_UNIQUE` (`email`),
  UNIQUE KEY `phone_number_UNIQUE` (`phone_number`)
) ENGINE=InnoDB DEFAULT CHARSET=utf8mb3;
/*!40101 SET character_set_client = @saved_cs_client */;

--
-- Dumping data for table `user_account`
--

LOCK TABLES `user_account` WRITE;
/*!40000 ALTER TABLE `user_account` DISABLE KEYS */;
INSERT INTO `user_account` VALUES ('100771369710483630076','ee200002038@iiti.ac.in','Harsh','Verma',NULL,NULL,NULL);
/*!40000 ALTER TABLE `user_account` ENABLE KEYS */;
UNLOCK TABLES;

--
-- Table structure for table `user_account_has_movie`
--

DROP TABLE IF EXISTS `user_account_has_movie`;
/*!40101 SET @saved_cs_client     = @@character_set_client */;
/*!50503 SET character_set_client = utf8mb4 */;
CREATE TABLE `user_account_has_movie` (
  `user_id` varchar(40) NOT NULL,
  `Movie_Title` varchar(45) NOT NULL,
  `Review` varchar(255) DEFAULT NULL,
  PRIMARY KEY (`user_id`,`Movie_Title`),
  KEY `fk_User_Account_has_Movie_Movie1_idx` (`Movie_Title`),
  KEY `fk_User_Account_has_Movie_User_Account1_idx` (`user_id`),
  CONSTRAINT `fk_User_Account_has_Movie_Movie1` FOREIGN KEY (`Movie_Title`) REFERENCES `movie` (`Title`)
) ENGINE=InnoDB DEFAULT CHARSET=utf8mb3;
/*!40101 SET character_set_client = @saved_cs_client */;

--
-- Dumping data for table `user_account_has_movie`
--

LOCK TABLES `user_account_has_movie` WRITE;
/*!40000 ALTER TABLE `user_account_has_movie` DISABLE KEYS */;
/*!40000 ALTER TABLE `user_account_has_movie` ENABLE KEYS */;
UNLOCK TABLES;
/*!40103 SET TIME_ZONE=@OLD_TIME_ZONE */;

/*!40101 SET SQL_MODE=@OLD_SQL_MODE */;
/*!40014 SET FOREIGN_KEY_CHECKS=@OLD_FOREIGN_KEY_CHECKS */;
/*!40014 SET UNIQUE_CHECKS=@OLD_UNIQUE_CHECKS */;
/*!40101 SET CHARACTER_SET_CLIENT=@OLD_CHARACTER_SET_CLIENT */;
/*!40101 SET CHARACTER_SET_RESULTS=@OLD_CHARACTER_SET_RESULTS */;
/*!40101 SET COLLATION_CONNECTION=@OLD_COLLATION_CONNECTION */;
/*!40111 SET SQL_NOTES=@OLD_SQL_NOTES */;

-- Dump completed on 2021-11-19 17:55:58
